Site/Division,Jira Ticket #,State,Name,Notes,Merge,Legacy URL,New URL,Page Title
DCI,,,,,,https://dci.mo.gov/director.php,,About the Director
DCI,,,,,,https://dci.mo.gov/contact.php,,Contact Us
DCI,,,,,,https://dci.mo.gov/about.php,,About DCI
DCI,,,,,,https://dci.mo.gov/bids/,,DCI Purchasing
DCI,,,,,,https://dci.mo.gov/complaints/,,Consumer Complaints
DCI,,,,,,https://dci.mo.gov/forms/,,Industry Forms
DCI,,,,,,https://dci.mo.gov/licensing/,,Licensing
DCI,,,,,,https://dci.mo.gov/licensing/veterans_reimbursement.php,,Veterans Reimbursement for Licensing Exams
DCI,,,,,,https://dci.mo.gov/map.php,,Map to DCI Main Office
DCI,,,,,,https://dci.mo.gov/PRMap.php,,Map to Division of Professional Registration Main Office
DCI,,,,,,https://dci.mo.gov/CUMap.php,,Map to Division of Credit Unions Main Office
DCI,,,,,,https://dci.mo.gov/FIMap.php,,Map to Division of Finance Main Office
DCI,,,,,,https://dci.mo.gov/news/archive/year/2009,,DCI News
DCI,,,,,,https://dci.mo.gov/news/archive/year/2013,,DCI News
DCI,,,,,,https://dci.mo.gov/news/archive/year/2012,,DCI News
DCI,,,,,,https://dci.mo.gov/news/archive/year/2011,,DCI News
DCI,,,,,,https://dci.mo.gov/news/archive/year/2010,,DCI News
DCI,,,,,,https://dci.mo.gov/news/archive/year/2014,,DCI News
DCI,,,,,,https://dci.mo.gov/news/archive/year/2016,,DCI News
DCI,,,,,,https://dci.mo.gov/news/archive/year/2015,,DCI News
DCI,,,,,,https://dci.mo.gov/news/archive/year/2017,,DCI News
DCI,,,,,,https://dci.mo.gov/news/archive/year/2019,,DCI News
DCI,,,,,,https://dci.mo.gov/news/archive/year/2018,,DCI News
DCI,,,,,,https://dci.mo.gov/news/archive/year/2020,,DCI News
DCI,,,,,,https://dci.mo.gov/news/archive/year/2022,,DCI News
DCI,,,,,,https://dci.mo.gov/news/archive/year/2021,,DCI News
DCI,,,,,,https://dci.mo.gov/news/newsitem/uuid/bef22aa3-b513-41b1-abc4-afae9231d8b5,,DCI News
DCI,,,,,,https://dci.mo.gov/news/newsitem/uuid/ac6d57a5-c33d-4d70-a2e1-dad19b8e2bbe,,DCI News
DCI,,,,,,https://dci.mo.gov/news/newsitem/uuid/dc1e275d-f8f2-4b36-95fc-14ffd17549ac,,DCI News
DCI,,,,,,https://dci.mo.gov/news/newsitem/uuid/6ae97eb6-cf3c-4b9d-9932-ed3de82b374a,,DCI News
DCI,,,,,,https://dci.mo.gov/news/newsitem/uuid/87b324e4-5f7d-4d57-981b-4509ea33df20,,DCI News
DCI,,,,,,https://dci.mo.gov/news/newsitem/uuid/abb8a772-0f41-4673-ad19-00363b06c803,,DCI News
DCI,,,,,,https://dci.mo.gov/news/newsitem/uuid/8905b787-6c20-42e4-981b-ba58cc988ba6,,DCI News
DCI,,,,,,https://dci.mo.gov/news/newsitem/uuid/afe32eb2-980e-44db-a1f7-2441e9d01718,,DCI News
DCI,,,,,,https://dci.mo.gov/news/newsitem/uuid/4cfcb69e-4eb6-4814-afeb-596a510c4474,,DCI News
DCI,,,,,,https://dci.mo.gov/news/newsitem/uuid/29b1f0d0-07d3-4d75-8784-468e6fe49682,,DCI News
DCI,,,,,,https://dci.mo.gov/news/newsitem/uuid/916ae243-191b-4655-9844-a6957af8a911,,DCI News
DCI,,,,,,https://dci.mo.gov/news/newsitem/uuid/0413f20a-4bf9-4f37-b34d-ff371fee5b3b,,DCI News
DCI,,,,,,https://dci.mo.gov/news/newsitem/uuid/8ba9fcd1-7944-4a27-bc37-ae9c3717ecd4,,DCI News
DCI,,,,,,https://dci.mo.gov/news/newsitem/uuid/0c39111e-d9a9-4849-a0cb-894e0c1b091f,,DCI News
DCI,,,,,,https://dci.mo.gov/news/newsitem/uuid/1a6211c1-1dd1-450e-9293-5a5bf4e8c31c,,DCI News
DCI,,,,,,https://dci.mo.gov/news/newsitem/uuid/1bff187c-9292-4c9d-97f9-30416780d537,,DCI News
DCI,,,,,,https://dci.mo.gov/news/newsitem/uuid/cedcc346-6442-48de-af2d-3793c975800c,,DCI News
DCI,,,,,,https://dci.mo.gov/news/newsitem/uuid/a468800b-34e8-4145-b519-ca70ecef6538,,DCI News
DCI,,,,,,https://dci.mo.gov/news/newsitem/uuid/55d0c707-b28e-4025-8bbb-f06de3f0e9b0,,DCI News
DCI,,,,,,https://dci.mo.gov/news/newsitem/uuid/a2ccc0bc-3ba5-47f7-bc79-d2f9b4cc460b,,DCI News
DCI,,,,,,https://dci.mo.gov/news/newsitem/uuid/d0fd2b7d-2f2f-4bc9-9354-c4e9f2be9c30,,DCI News
DCI,,,,,,https://dci.mo.gov/news/newsitem/uuid/2965169e-3699-4d21-ab7f-3702054ece97,,DCI News
DCI,,,,,,https://dci.mo.gov/news/newsitem/uuid/cf34a355-8daa-4d6f-a7fd-0f84b9ac9fec,,DCI News
DCI,,,,,,https://dci.mo.gov/news/newsitem/uuid/128f8f34-d1c2-407f-87e6-86813dae98ac,,DCI News
DCI,,,,,,https://dci.mo.gov/news/newsitem/uuid/9e512ce3-97f7-4b71-bd7c-38cb697d8893,,DCI News
DCI,,,,,,https://dci.mo.gov/news/newsitem/uuid/86db8a55-5fc3-442c-8212-ee1cd34bb558,,DCI News
DCI,,,,,,https://dci.mo.gov/news/newsitem/uuid/db87718f-8e29-4698-8a70-61532b976df4,,DCI News
DCI,,,,,,https://dci.mo.gov/news/newsitem/uuid/88e4201f-9b93-4d74-8dc3-8c383fba2003,,DCI News
DCI,,,,,,https://dci.mo.gov/news/newsitem/uuid/24872984-9751-4c2a-aa77-dedb23d6d9d1,,DCI News
DCI,,,,,,https://dci.mo.gov/news/newsitem/uuid/f3a7e667-8890-428e-adfd-b72ac4e5d0b8,,DCI News
DCI,,,,,,https://dci.mo.gov/news/newsitem/uuid/f187e375-ca69-4d0b-9dee-d0d8cabe210e,,DCI News
DCI,,,,,,https://dci.mo.gov/news/newsitem/uuid/d3d39812-da28-4210-9d0e-4b4dfd40f5e7,,DCI News
DCI,,,,,,https://dci.mo.gov/news/newsitem/uuid/834af973-77db-4289-a892-0bbca8f75c0d,,DCI News
DCI,,,,,,https://dci.mo.gov/news/newsitem/uuid/f11fa8eb-d3d7-45b5-8ed3-27052d5d75ae,,DCI News
DCI,,,,,,https://dci.mo.gov/news/newsitem/uuid/46fe66af-9713-482b-b75d-a711d590e0a0,,DCI News
DCI,,,,,,https://dci.mo.gov/news/newsitem/uuid/73534247-d520-4496-9ce0-a5fa6260cdbe,,DCI News
DCI,,,,,,https://dci.mo.gov/news/newsitem/uuid/0ac5044e-da3c-466d-9a45-46f6caa54411,,DCI News
DCI,,,,,,https://dci.mo.gov/news/newsitem/uuid/124795a3-570f-4f86-b29d-2fb53e13fc3e,,DCI News
DCI,,,,,,https://dci.mo.gov/news/newsitem/uuid/68f2d6f0-9d95-43c7-b7fb-c80853e43768,,DCI News
DCI,,,,,,https://dci.mo.gov/news/newsitem/uuid/79ffa9c9-fc95-4532-b5d9-aefcd6f387ed,,DCI News
DCI,,,,,,https://dci.mo.gov/news/newsitem/uuid/15c5fd67-35d7-4c86-9a51-97c3ae5053bf,,DCI News
DCI,,,,,,https://dci.mo.gov/news/newsitem/uuid/c42a8d46-e7bb-40d2-940d-515364d1d07e,,DCI News
DCI,,,,,,https://dci.mo.gov/news/newsitem/uuid/71f80c92-d7a3-4cc7-a0aa-5dc4a9a9204b,,DCI News
DCI,,,,,,https://dci.mo.gov/news/newsitem/uuid/ad90bd93-5833-4d01-b8f4-087c4ce94857,,DCI News
DCI,,,,,,https://dci.mo.gov/news/newsitem/uuid/9faaf8e7-1f8a-4cdc-b532-e54fc1c63506,,DCI News
DCI,,,,,,https://dci.mo.gov/news/newsitem/uuid/fe5cbd19-7546-45b9-bde2-f9e3e2dd6f62,,DCI News
DCI,,,,,,https://dci.mo.gov/news/newsitem/uuid/ab66baaa-1aad-4aaa-b86c-7993ae932075,,DCI News
DCI,,,,,,https://dci.mo.gov/news/newsitem/uuid/332c684c-1cb1-4576-856e-6c560ebb9f70,,DCI News
DCI,,,,,,https://dci.mo.gov/news/newsitem/uuid/46e873b5-d020-4232-8abe-4d69aa660c92,,DCI News
DCI,,,,,,https://dci.mo.gov/news/newsitem/uuid/9a699145-bf8a-470e-8fdc-8572d238b3e6,,DCI News
DCI,,,,,,https://dci.mo.gov/news/newsitem/uuid/ad630918-ae0e-4290-b9f4-f2933ff5f7a9,,DCI News
DCI,,,,,,https://dci.mo.gov/news/newsitem/uuid/3378c10e-d895-4cf1-a70a-0875536eca13,,DCI News
DCI,,,,,,https://dci.mo.gov/news/newsitem/uuid/13c89170-aad1-4de4-8ad5-634cc6dc3b48,,DCI News
DCI,,,,,,https://dci.mo.gov/news/newsitem/uuid/2c4b9544-2e7e-4dc7-9509-da6c52a51752,,DCI News
DCI,,,,,,https://dci.mo.gov/news/newsitem/uuid/0bbf10a4-376e-489a-8558-3ee321b87aae,,DCI News
DCI,,,,,,https://dci.mo.gov/news/newsitem/uuid/66b5953f-d2c5-4bae-a2cd-700e5a17735b,,DCI News
DCI,,,,,,https://dci.mo.gov/news/newsitem/uuid/2de96cf2-3660-4694-ac00-6cc16beb3589,,DCI News
DCI,,,,,,https://dci.mo.gov/news/newsitem/uuid/470b91aa-e6f7-4fa6-8f96-ae1a95c5df53,,DCI News
DCI,,,,,,https://dci.mo.gov/news/newsitem/uuid/756b265e-ef1f-40c8-a6a2-930bf9aca734,,DCI News
DCI,,,,,,https://dci.mo.gov/news/newsitem/uuid/a60743cd-1cca-4f20-bf3b-850c9fc0e27f,,DCI News
DCI,,,,,,https://dci.mo.gov/news/newsitem/uuid/91c2ef9e-7473-4cd9-9dd4-3c1fea26e2fb,,DCI News
DCI,,,,,,https://dci.mo.gov/news/newsitem/uuid/74cc9fdc-d4d9-4019-ab59-06e525fda7d5,,DCI News
DCI,,,,,,https://dci.mo.gov/news/newsitem/uuid/e2c3c4d7-0aaa-4910-b492-25d6704e81b8,,DCI News
DCI,,,,,,https://dci.mo.gov/news/newsitem/uuid/c050df0c-9442-4450-b10d-11ecf8afad36,,DCI News
DCI,,,,,,https://dci.mo.gov/news/newsitem/uuid/b8d2a553-e43a-4c48-9f24-3734ef2f6f3e,,DCI News
DCI,,,,,,https://dci.mo.gov/news/newsitem/uuid/88d22df3-209c-436a-9888-a31373b90841,,DCI News
DCI,,,,,,https://dci.mo.gov/news/newsitem/uuid/218bcd87-b4a1-43b3-b5da-702cd21eb18f,,DCI News
DCI,,,,,,https://dci.mo.gov/news/newsitem/uuid/d43a588a-b278-4405-8c0e-3e85340ecf80,,DCI News
DCI,,,,,,https://dci.mo.gov/news/newsitem/uuid/c3f352fc-297c-438e-840f-ed480d0e4c2f,,DCI News
DCI,,,,,,https://dci.mo.gov/news/newsitem/uuid/cd9c3226-6cfb-43ca-a1b1-33084ecf663f,,DCI News
DCI,,,,,,https://dci.mo.gov/news/newsitem/uuid/0808e6a3-9149-496f-9d83-a11ac2402704,,DCI News
DCI,,,,,,https://dci.mo.gov/news/newsitem/uuid/98d30328-ed1e-429c-9c70-0d7235c62a35,,DCI News
DCI,,,,,,https://dci.mo.gov/news/newsitem/uuid/07457af6-6014-4cb2-a850-d7b246bb474e,,DCI News
DCI,,,,,,https://dci.mo.gov/news/newsitem/uuid/b6c7a332-062e-4bde-9f5b-6cffc402a9b6,,DCI News
DCI,,,,,,https://dci.mo.gov/news/newsitem/uuid/cfa0fbfb-f8e0-45f7-8d00-8263c575bdf1,,DCI News
DCI,,,,,,https://dci.mo.gov/news/newsitem/uuid/f888829b-fbf3-44b7-b5d5-ec67689f6f6e,,DCI News
DCI,,,,,,https://dci.mo.gov/news/newsitem/uuid/cda85154-33a2-49e7-bdd9-f79861246e0d,,DCI News
DCI,,,,,,https://dci.mo.gov/news/newsitem/uuid/0b9fff83-47b9-4f5a-9161-03346523c78e,,DCI News
DCI,,,,,,https://dci.mo.gov/news/newsitem/uuid/4e703801-bd2c-4b4c-aa7d-128ce0f2c04b,,DCI News
DCI,,,,,,https://dci.mo.gov/news/newsitem/uuid/83475e90-7b70-4680-b21f-213c722371b9,,DCI News
DCI,,,,,,https://dci.mo.gov/news/newsitem/uuid/4b0ec544-2045-4948-a3d7-c348c7aa0fbb,,DCI News
DCI,,,,,,https://dci.mo.gov/news/newsitem/uuid/72356f1c-feb2-44f3-8abf-0e7576307d02,,DCI News
DCI,,,,,,https://dci.mo.gov/news/newsitem/uuid/7178ff9e-f33e-4c31-99ba-18307a092518,,DCI News
DCI,,,,,,https://dci.mo.gov/news/newsitem/uuid/0c8b4575-ebd1-4dc6-9888-70f3f0ae8248,,DCI News
DCI,,,,,,https://dci.mo.gov/news/newsitem/uuid/148acab7-113c-4bba-a53a-c16270c26cad,,DCI News
DCI,,,,,,https://dci.mo.gov/news/newsitem/uuid/b14bb5ca-7b74-4e97-a1bd-21a8a1f21ac5,,DCI News
DCI,,,,,,https://dci.mo.gov/news/newsitem/uuid/00d275b8-d895-49d6-83b2-cf65990794cd,,DCI News
DCI,,,,,,https://dci.mo.gov/news/newsitem/uuid/2a50840b-2090-439c-a949-e2365dcd9aa7,,DCI News
DCI,,,,,,https://dci.mo.gov/news/newsitem/uuid/1afa098b-e67e-48c4-a1b2-3d00a9d90595,,DCI News
DCI,,,,,,https://dci.mo.gov/news/newsitem/uuid/c27083a5-4d8b-48ae-899f-c1619128eb04,,DCI News
DCI,,,,,,https://dci.mo.gov/news/newsitem/uuid/c5a0c34c-30be-4796-924f-2431b87f43a6,,DCI News
DCI,,,,,,https://dci.mo.gov/news/newsitem/uuid/e74cb4d0-6a66-4494-86be-d6b39031d11d,,DCI News
DCI,,,,,,https://dci.mo.gov/news/newsitem/uuid/c7ddd109-ecc3-47de-9686-4dc9b65106f7,,DCI News
DCI,,,,,,https://dci.mo.gov/news/newsitem/uuid/b674c53e-240c-46b6-a1d0-71b1c005ac85,,DCI News
DCI,,,,,,https://dci.mo.gov/news/newsitem/uuid/64958543-42dd-4acf-80da-ecdc8caa88d8,,DCI News
DCI,,,,,,https://dci.mo.gov/news/newsitem/uuid/5e636979-e7c4-4299-96bc-68bda851e926,,DCI News
DCI,,,,,,https://dci.mo.gov/news/newsitem/uuid/fceddf9a-89fb-4c8d-8b0f-0408f0ff25ea,,DCI News
DCI,,,,,,https://dci.mo.gov/news/newsitem/uuid/85e4fc40-565c-4c2f-a650-f64264bc29e2,,DCI News
DCI,,,,,,https://dci.mo.gov/news/newsitem/uuid/d7b8f481-9d8a-4579-b13c-e1c41795d238,,DCI News
DCI,,,,,,https://dci.mo.gov/news/newsitem/uuid/5d947692-7d74-4966-8ec6-305720b2ddd1,,DCI News
DCI,,,,,,https://dci.mo.gov/news/newsitem/uuid/9e79ae6f-140e-4403-a3e2-43253a6207f0,,DCI News
DCI,,,,,,https://dci.mo.gov/news/newsitem/uuid/842e99c7-67b1-43eb-af1c-c67f5b890264,,DCI News
DCI,,,,,,https://dci.mo.gov/news/newsitem/uuid/1847538b-1fcf-49f8-b929-c976c669955b,,DCI News
DCI,,,,,,https://dci.mo.gov/news/newsitem/uuid/6b75faa0-1ebc-4924-9efd-9e458627047f,,DCI News
DCI,,,,,,https://dci.mo.gov/news/newsitem/uuid/1f8a99db-3359-4a95-b35a-0ff4efefa85b,,DCI News
DCI,,,,,,https://dci.mo.gov/news/newsitem/uuid/a46d0f73-4bbe-4117-a297-768c275ac10d,,DCI News
DCI,,,,,,https://dci.mo.gov/news/newsitem/uuid/8711ce65-3327-4438-b6b3-7146be11aa58,,DCI News
DCI,,,,,,https://dci.mo.gov/news/newsitem/uuid/13caf444-f747-4cce-abfe-816a7e97cc3e,,DCI News
DCI,,,,,,https://dci.mo.gov/news/newsitem/uuid/1904b9d0-73ab-4255-9e43-57f4b3d353a2,,DCI News
DCI,,,,,,https://dci.mo.gov/news/newsitem/uuid/268e9d4c-ff60-4c6f-a257-9a569f61e188,,DCI News
DCI,,,,,,https://dci.mo.gov/news/newsitem/uuid/0914dec3-0bf4-453f-b025-f80a9127e9cf,,DCI News
DCI,,,,,,https://dci.mo.gov/news/newsitem/uuid/857fa396-a494-442f-98d4-a6cef8cb0810,,DCI News
DCI,,,,,,https://dci.mo.gov/news/newsitem/uuid/0c98f6e0-b36b-41b9-bc13-57ec33d39eeb,,DCI News
DCI,,,,,,https://dci.mo.gov/news/newsitem/uuid/57469faa-202d-4324-981a-af2cd24a5dc0,,DCI News
DCI,,,,,,https://dci.mo.gov/news/newsitem/uuid/1fd3c521-f53a-4933-8388-5c5c70b8528a,,DCI News
DCI,,,,,,https://dci.mo.gov/news/newsitem/uuid/e1e9cf09-67d1-4732-a6a3-de15d6ab232c,,DCI News
DCI,,,,,,https://dci.mo.gov/news/newsitem/uuid/3cc3f876-7fa8-49e9-815b-f6581943659f,,DCI News
DCI,,,,,,https://dci.mo.gov/news/newsitem/uuid/705dd9cc-5c46-413f-9c16-7859d6e496dc,,DCI News
DCI,,,,,,https://dci.mo.gov/news/newsitem/uuid/67788af4-4efe-4b73-8614-eaca6a33aa53,,DCI News
DCI,,,,,,https://dci.mo.gov/news/newsitem/uuid/dc858507-c6d6-4acc-98fd-a1aa31ecb197,,DCI News
DCI,,,,,,https://dci.mo.gov/news/newsitem/uuid/9c0fae09-da56-4a81-93cb-18a3a454f632,,DCI News
DCI,,,,,,https://dci.mo.gov/news/newsitem/uuid/7df3cf10-56cd-453b-b9b1-c9eded6a815f,,DCI News
DCI,,,,,,https://dci.mo.gov/news/newsitem/uuid/d071ea63-ccb2-459e-aa71-eb234c6de14b,,DCI News
DCI,,,,,,https://dci.mo.gov/news/newsitem/uuid/d94ab9f6-f77c-4068-b099-3c46525ce45c,,DCI News
DCI,,,,,,https://dci.mo.gov/news/newsitem/uuid/79cb3652-8256-4aef-ad81-050c46ac6d11,,DCI News
DCI,,,,,,https://dci.mo.gov/news/newsitem/uuid/b3500d90-4062-4317-bd57-0690aff0c629,,DCI News
DCI,,,,,,https://dci.mo.gov/news/newsitem/uuid/389dc68e-0505-4e20-aced-75f9a7a6127a,,DCI News
DCI,,,,,,https://dci.mo.gov/news/newsitem/uuid/87f60608-90a6-426d-855d-95962cb5b79e,,DCI News
DCI,,,,,,https://dci.mo.gov/news/newsitem/uuid/e9459e9c-970f-46a2-965a-ade2ff6b2a97,,DCI News
DCI,,,,,,https://dci.mo.gov/news/newsitem/uuid/1cdda266-3ffa-43f9-8a0a-339a62d56982,,DCI News
DCI,,,,,,https://dci.mo.gov/news/newsitem/uuid/ac6f0104-a804-462b-b844-78cafc7b5702,,DCI News
DCI,,,,,,https://dci.mo.gov/news/newsitem/uuid/631c0f2c-dea7-4c46-8a3a-e360a7a7d9e6,,DCI News
DCI,,,,,,https://dci.mo.gov/news/newsitem/uuid/7d6ab17a-688a-4cbd-b579-487b4c6917a5,,DCI News
DCI,,,,,,https://dci.mo.gov/news/newsitem/uuid/a58c24f0-62a3-47a3-8552-e3b3babe1626,,DCI News
DCI,,,,,,https://dci.mo.gov/news/newsitem/uuid/658f3b97-e63b-41e1-9973-3a5584ae7db8,,DCI News
DCI,,,,,,https://dci.mo.gov/news/newsitem/uuid/61b13101-1166-427f-b57e-8c250cc586c8,,DCI News
DCI,,,,,,https://dci.mo.gov/news/newsitem/uuid/e596a663-2f27-4d8f-8e74-a0f69984bd40,,DCI News
DCI,,,,,,https://dci.mo.gov/news/newsitem/uuid/c8082f31-a285-4bcb-be7f-52b1a5d4c945,,DCI News
DCI,,,,,,https://dci.mo.gov/news/newsitem/uuid/8f82ef6b-b501-4be0-972a-dbe656699bf2,,DCI News
DCI,,,,,,https://dci.mo.gov/news/newsitem/uuid/db958210-ca75-4951-951b-0a3dc7065c92,,DCI News
DCI,,,,,,https://dci.mo.gov/news/newsitem/uuid/c92d65a7-24cd-41ac-9a3f-06f0ba2ab2c7,,DCI News
DCI,,,,,,https://dci.mo.gov/news/newsitem/uuid/a7ec05a4-aafe-46fa-8f8b-7f53a37b37f7,,DCI News
DCI,,,,,,https://dci.mo.gov/news/newsitem/uuid/3fe96cca-98cb-413e-997b-2ef04a84fe4b,,DCI News
DCI,,,,,,https://dci.mo.gov/news/newsitem/uuid/1fd6d742-b82d-4103-925b-2b58aab28619,,DCI News
DCI,,,,,,https://dci.mo.gov/news/newsitem/uuid/1a98440d-b4b5-4690-aba3-1dad923b0d47,,DCI News
DCI,,,,,,https://dci.mo.gov/news/newsitem/uuid/1b803b6c-bd8e-4e29-b98d-883358f566ed,,DCI News
DCI,,,,,,https://dci.mo.gov/news/newsitem/uuid/4fd123e0-5ae2-4f82-9cfa-3a62035571b5,,DCI News
DCI,,,,,,https://dci.mo.gov/news/newsitem/uuid/79b666c8-d0cf-4c26-9187-e568ffff9c3a,,DCI News
DCI,,,,,,https://dci.mo.gov/news/newsitem/uuid/46ab935c-8bb1-480c-b96a-6b5cc8e3da03,,DCI News
DCI,,,,,,https://dci.mo.gov/news/newsitem/uuid/82633725-4e23-487b-9306-c31ef5eb2fef,,DCI News
DCI,,,,,,https://dci.mo.gov/news/newsitem/uuid/5f656633-7915-417b-bcff-179bc3de729f,,DCI News
DCI,,,,,,https://dci.mo.gov/news/newsitem/uuid/f9dd5dc8-4a3e-4a4c-b825-3a3a3bdb08ee,,DCI News
DCI,,,,,,https://dci.mo.gov/news/newsitem/uuid/03b6e037-02e5-43aa-8de9-f0abc3b38587,,DCI News
DCI,,,,,,https://dci.mo.gov/news/newsitem/uuid/9dd92a60-5681-4d4b-80db-fa363ede5952,,DCI News
DCI,,,,,,https://dci.mo.gov/news/newsitem/uuid/a9617260-aca3-45fa-b187-d49c6b902964,,DCI News
DCI,,,,,,https://dci.mo.gov/news/newsitem/uuid/a28223f5-a6c3-4d24-90cf-9a1c6a7b52b8,,DCI News
DCI,,,,,,https://dci.mo.gov/news/newsitem/uuid/fc5f8014-8af4-4f5d-9ef1-ef42054c089f,,DCI News
DCI,,,,,,https://dci.mo.gov/news/newsitem/uuid/aaa5c90d-e32f-451b-8441-c4cd8da05c63,,DCI News
DCI,,,,,,https://dci.mo.gov/news/newsitem/uuid/3879216d-60ed-49f2-8599-0d00b4966cd6,,DCI News
DCI,,,,,,https://dci.mo.gov/news/newsitem/uuid/ff716f7a-7fe8-4383-ac0f-854e03cfe249,,DCI News
DCI,,,,,,https://dci.mo.gov/news/newsitem/uuid/63d874e5-6884-4873-ac1e-02ebf24b1dc1,,DCI News
DCI,,,,,,https://dci.mo.gov/news/newsitem/uuid/56d1cc8b-34ef-4107-9262-d2a38504d9a1,,DCI News
DCI,,,,,,https://dci.mo.gov/news/newsitem/uuid/78792570-dc26-4ef0-ac0a-f922e047c5d4,,DCI News
DCI,,,,,,https://dci.mo.gov/news/newsitem/uuid/ab460d0c-0c02-463d-ac4c-69c3d30b1436,,DCI News
DCI,,,,,,https://dci.mo.gov/news/newsitem/uuid/ba2c1dee-9e57-4473-8b80-0bf486925fb4,,DCI News
DCI,,,,,,https://dci.mo.gov/news/newsitem/uuid/68b05f22-0d87-4872-9133-84a8b0c6caad,,DCI News
DCI,,,,,,https://dci.mo.gov/news/newsitem/uuid/dad066af-a870-4489-a713-fa6d3c33c3f3,,DCI News
DCI,,,,,,https://dci.mo.gov/news/newsitem/uuid/5f4fbc8a-89b6-4631-94cb-874812d284b2,,DCI News
DCI,,,,,,https://dci.mo.gov/news/newsitem/uuid/d7afe88a-7e40-48b9-b642-03271e0708da,,DCI News
DCI,,,,,,https://dci.mo.gov/news/newsitem/uuid/104a6daa-c628-4c8e-b9dd-a02fe74d68b9,,DCI News
DCI,,,,,,https://dci.mo.gov/news/newsitem/uuid/ba299d94-d1b9-42c6-9a01-68f96b59ba72,,DCI News
DCI,,,,,,https://dci.mo.gov/news/newsitem/uuid/1a4b8adb-19fb-4c81-b1d0-9172d1fe0304,,DCI News
DCI,,,,,,https://dci.mo.gov/news/newsitem/uuid/c103b29e-2f3d-4513-b673-261b2fc09e74,,DCI News
DCI,,,,,,https://dci.mo.gov/news/newsitem/uuid/df2c1075-6478-4e31-bb02-cf1b839bd34e,,DCI News
DCI,,,,,,https://dci.mo.gov/news/newsitem/uuid/1a92d4ca-216b-4fa9-828d-8e5b9383e899,,DCI News
DCI,,,,,,https://dci.mo.gov/news/newsitem/uuid/6738633f-1eba-4b49-a80b-c67bab0859d6,,DCI News
DCI,,,,,,https://dci.mo.gov/news/newsitem/uuid/ff1bcee5-2c02-4fb5-b480-2b15a72a29c4,,DCI News
DCI,,,,,,https://dci.mo.gov/news/newsitem/uuid/8ab30199-f5d1-40c0-95ae-139e099bff7e,,DCI News
DCI,,,,,,https://dci.mo.gov/news/newsitem/uuid/4dfaf950-8d12-455f-9732-58a64f197ff9,,DCI News
DCI,,,,,,https://dci.mo.gov/news/newsitem/uuid/4c4982eb-411b-40c4-8cfa-77476ca5f0ef,,DCI News
DCI,,,,,,https://dci.mo.gov/news/newsitem/uuid/ff6c3a92-2c4d-439a-8703-71fb68323a22,,DCI News
DCI,,,,,,https://dci.mo.gov/news/newsitem/uuid/ca7627a8-243e-4e7b-82f3-8eb518c21019,,DCI News
DCI,,,,,,https://dci.mo.gov/news/newsitem/uuid/7b28d132-c806-41bd-800d-a7968ca53d43,,DCI News
DCI,,,,,,https://dci.mo.gov/news/newsitem/uuid/b1e95782-834e-40c1-a1c6-0029e51247e1,,DCI News
DCI,,,,,,https://dci.mo.gov/news/newsitem/uuid/2d35c37d-0582-4add-8e90-6abca000d844,,DCI News
DCI,,,,,,https://dci.mo.gov/news/newsitem/uuid/a5db8aa6-529e-4500-9f46-cdc7ad63e647,,DCI News
DCI,,,,,,https://dci.mo.gov/news/newsitem/uuid/97c696ca-da31-4f51-b996-d34220b90933,,DCI News
DCI,,,,,,https://dci.mo.gov/news/newsitem/uuid/54fffbdc-3675-4730-b05b-2e5e0f86aaac,,DCI News
DCI,,,,,,https://dci.mo.gov/news/newsitem/uuid/fb5cf1c8-3961-4779-bbfc-63ebb37f489b,,DCI News
DCI,,,,,,https://dci.mo.gov/news/newsitem/uuid/f29f0e39-448f-47d5-975f-530c214364f1,,DCI News
DCI,,,,,,https://dci.mo.gov/news/newsitem/uuid/66d4cc91-a3b1-4b0c-acad-6b8d1028ec8a,,DCI News
DCI,,,,,,https://dci.mo.gov/news/newsitem/uuid/4c8deabe-65ed-4b12-8e45-335a75f50dd1,,DCI News
DCI,,,,,,https://dci.mo.gov/news/newsitem/uuid/2c08c3cf-ff2e-497b-8986-9c04708dd9c2,,DCI News
DCI,,,,,,https://dci.mo.gov/news/newsitem/uuid/f1e6b1a0-a587-460a-bea4-76fbf0fcef75,,DCI News
DCI,,,,,,https://dci.mo.gov/news/newsitem/uuid/955e29e1-a8b8-468b-9670-f7c546553eb7,,DCI News
DCI,,,,,,https://dci.mo.gov/news/newsitem/uuid/860f9bdf-ca0c-4b70-833d-48edf598e27d,,DCI News
DCI,,,,,,https://dci.mo.gov/news/newsitem/uuid/486f54ce-8f2a-46e4-90b5-1c3c41507a80,,DCI News
DCI,,,,,,https://dci.mo.gov/news/newsitem/uuid/bef0f0d9-8ac5-47a2-beec-b468bfd5c41f,,DCI News
DCI,,,,,,https://dci.mo.gov/news/newsitem/uuid/4641c236-708b-449e-8ede-950ab008a75d,,DCI News
DCI,,,,,,https://dci.mo.gov/news/newsitem/uuid/8816ea53-fcbf-4058-b04d-9a0f5e6f3033,,DCI News
DCI,,,,,,https://dci.mo.gov/news/newsitem/uuid/0566a0a1-3591-452e-ba66-7382fee15ba9,,DCI News
DCI,,,,,,https://dci.mo.gov/news/newsitem/uuid/2253e260-f0d5-4114-a54f-b0e31aa0e608,,DCI News
DCI,,,,,,https://dci.mo.gov/news/newsitem/uuid/41162394-ef78-4981-b364-16e4778db523,,DCI News
DCI,,,,,,https://dci.mo.gov/news/newsitem/uuid/531e4efe-0f81-4aae-aefa-713e207f1984,,DCI News
DCI,,,,,,https://dci.mo.gov/news/newsitem/uuid/71d4e784-f3bb-4e60-8a72-7025e6dfb487,,DCI News
DCI,,,,,,https://dci.mo.gov/news/newsitem/uuid/2c16adef-3818-42fb-8aab-59506cfcfd1d,,DCI News
DCI,,,,,,https://dci.mo.gov/news/newsitem/uuid/77962f05-a669-45df-96c1-969a08c1f076,,DCI News
DCI,,,,,,https://dci.mo.gov/news/newsitem/uuid/a8c9b1ee-1b83-4338-b02d-99699312a49d,,DCI News
DCI,,,,,,https://dci.mo.gov/news/newsitem/uuid/0f130959-8427-4108-813c-fce500acc90f,,DCI News
DCI,,,,,,https://dci.mo.gov/news/newsitem/uuid/4722326e-9f11-488c-a2f1-ffc884997d40,,DCI News
DCI,,,,,,https://dci.mo.gov/news/newsitem/uuid/3f6aa084-f94a-44f7-8918-0324ddb21170,,DCI News
DCI,,,,,,https://dci.mo.gov/news/newsitem/uuid/1bd77ba6-bcf7-4408-babd-213740fd5495,,DCI News
DCI,,,,,,https://dci.mo.gov/news/newsitem/uuid/27d68d1e-2866-452a-a13d-2b1340542bb6,,DCI News
DCI,,,,,,https://dci.mo.gov/news/newsitem/uuid/a8c172fb-62b4-4858-a6fb-5da0aca616ad,,DCI News
DCI,,,,,,https://dci.mo.gov/news/newsitem/uuid/4d7fb189-0b82-4fdc-8ded-5b21f511887b,,DCI News
DCI,,,,,,https://dci.mo.gov/news/newsitem/uuid/ece2d235-d9fe-4ef2-bc11-206679ead4ff,,DCI News
DCI,,,,,,https://dci.mo.gov/news/newsitem/uuid/619e04d3-c1d5-45c2-a150-a85aaa8ee080,,DCI News
DCI,,,,,,https://dci.mo.gov/news/newsitem/uuid/e17ab9f7-d5f0-4c74-a4b3-5caf9e8c5c05,,DCI News
DCI,,,,,,https://dci.mo.gov/news/newsitem/uuid/ca7f74fd-4e76-4b80-bef1-82db03ea60fc,,DCI News
DCI,,,,,,https://dci.mo.gov/news/newsitem/uuid/d8c1ce04-911a-46d5-a38d-b98568314ae7,,DCI News
DCI,,,,,,https://dci.mo.gov/news/newsitem/uuid/9913bfce-411a-4dc4-8067-eea4502cdbd8,,DCI News
DCI,,,,,,https://dci.mo.gov/news/newsitem/uuid/3836e12a-356e-43cf-a347-e3279d55a834,,DCI News
DCI,,,,,,https://dci.mo.gov/news/newsitem/uuid/25de53a2-7526-4167-9251-e59f2ebccdf2,,DCI News
DCI,,,,,,https://dci.mo.gov/news/newsitem/uuid/821eb4ad-8917-4a46-970a-c36186c2721b,,DCI News
DCI,,,,,,https://dci.mo.gov/news/newsitem/uuid/49455cfb-7247-4d35-ba90-25d120ca9091,,DCI News
DCI,,,,,,https://dci.mo.gov/news/newsitem/uuid/3b182a81-a68b-4456-88ad-b5103d7461a9,,DCI News
DCI,,,,,,https://dci.mo.gov/news/newsitem/uuid/b52bbbf9-be81-4025-b003-9646b9e51b81,,DCI News
DCI,,,,,,https://dci.mo.gov/news/newsitem/uuid/f0a4db51-3fa2-4cd0-99ed-52c2c5e71cbe,,DCI News
DCI,,,,,,https://dci.mo.gov/news/newsitem/uuid/7c62001d-e0f0-4b20-84de-3fdf2a2b317b,,DCI News
DCI,,,,,,https://dci.mo.gov/news/newsitem/uuid/ea6b2c08-c52a-40ee-b713-5fbe074bad21,,DCI News
DCI,,,,,,https://dci.mo.gov/news/newsitem/uuid/d1c850aa-13b8-45ca-870b-109e5481e5e2,,DCI News
DCI,,,,,,https://dci.mo.gov/news/newsitem/uuid/9573a3d1-e299-47e3-880a-0d23dbacd848,,DCI News
DCI,,,,,,https://dci.mo.gov/news/newsitem/uuid/841d424f-916c-4a44-a7de-4640edadc323,,DCI News
DCI,,,,,,https://dci.mo.gov/news/newsitem/uuid/5bfe770d-fffb-4d26-b408-dd9fafa133bd,,DCI News
DCI,,,,,,https://dci.mo.gov/news/newsitem/uuid/8fd1e152-6421-46b2-af7a-4c8c265ccb73,,DCI News
DCI,,,,,,https://dci.mo.gov/news/newsitem/uuid/d64f8e69-fe15-4f62-a89a-f5f98c68ac94,,DCI News
DCI,,,,,,https://dci.mo.gov/news/newsitem/uuid/cc2f5941-d0a1-402f-bcd8-12e9d5b3a5df,,DCI News
DCI,,,,,,https://dci.mo.gov/news/newsitem/uuid/652202ea-45b1-4f50-b5eb-02f04da48ccf,,DCI News
DCI,,,,,,https://dci.mo.gov/news/newsitem/uuid/fd0be0a8-fbd8-4e41-9229-0cf78a92e131,,DCI News
DCI,,,,,,https://dci.mo.gov/news/newsitem/uuid/a0e7ebed-4c5d-494e-9254-dbbe60c826ba,,DCI News
DCI,,,,,,https://dci.mo.gov/news/newsitem/uuid/ea07491c-a875-43c5-a84d-62369f60fa9d,,DCI News
DCI,,,,,,https://dci.mo.gov/news/newsitem/uuid/26ba0b6e-9b47-4d5f-8416-9a2fbd3061b4,,DCI News
DCI,,,,,,https://dci.mo.gov/news/newsitem/uuid/85c67cf4-caae-404f-8493-6e9385e1aebc,,DCI News
DCI,,,,,,https://dci.mo.gov/news/newsitem/uuid/0e234d5a-e179-4a22-b6e7-78dd889f630f,,DCI News
DCI,,,,,,https://dci.mo.gov/news/newsitem/uuid/61de9292-4ad8-4b98-a57b-3842c6873949,,DCI News
DCI,,,,,,https://dci.mo.gov/news/newsitem/uuid/54eb60bd-846b-4c33-a273-dba468171f8e,,DCI News
DCI,,,,,,https://dci.mo.gov/news/newsitem/uuid/4ab7b17f-5b5f-4651-b118-b8a65a6e1162,,DCI News
DCI,,,,,,https://dci.mo.gov/news/newsitem/uuid/3056b91e-35d0-4fb2-83f0-f4588762c2c1,,DCI News
DCI,,,,,,https://dci.mo.gov/news/newsitem/uuid/e849de5b-9e0f-46e3-91ee-14ebedff979b,,DCI News
DCI,,,,,,https://dci.mo.gov/news/newsitem/uuid/dcd8fa55-e8b7-4239-8b24-596200f80500,,DCI News
DCI,,,,,,https://dci.mo.gov/news/newsitem/uuid/4aae82a0-9f70-4c51-a6e7-e78a41dad54f,,DCI News
DCI,,,,,,https://dci.mo.gov/news/newsitem/uuid/a11a5462-be6b-4a5c-817c-5d31abcc264c,,DCI News
DCI,,,,,,https://dci.mo.gov/news/newsitem/uuid/f2d6e2a9-9020-4bda-a9f4-76e9185d2e28,,DCI News
DCI,,,,,,https://dci.mo.gov/news/newsitem/uuid/0b0b1257-23ae-44aa-b093-2f1aa20de46d,,DCI News
DCI,,,,,,https://dci.mo.gov/news/newsitem/uuid/0ec71c82-f9d6-446c-9356-98b5591f6dc3,,DCI News
DCI,,,,,,https://dci.mo.gov/news/newsitem/uuid/f7f397f8-f073-4ed2-8ef6-44bb65dd4d43,,DCI News
DCI,,,,,,https://dci.mo.gov/news/newsitem/uuid/45a52a52-22e3-4045-9a6d-c4e1ad28cea4,,DCI News
DCI,,,,,,https://dci.mo.gov/news/newsitem/uuid/3b88248a-3571-42c8-809f-9c156dc94a7b,,DCI News
DCI,,,,,,https://dci.mo.gov/news/newsitem/uuid/a60c8390-0618-4ae4-a3db-7a5d960ea236,,DCI News
DCI,,,,,,https://dci.mo.gov/news/newsitem/uuid/8995c529-795a-4d9f-aac4-96a7dc605a65,,DCI News
DCI,,,,,,https://dci.mo.gov/news/newsitem/uuid/b49bb573-97b7-4a41-b2fa-338b0300617d,,DCI News
DCI,,,,,,https://dci.mo.gov/news/newsitem/uuid/a6e2e382-5fed-4520-a079-9433cb8065c2,,DCI News
DCI,,,,,,https://dci.mo.gov/news/newsitem/uuid/4d5c47d6-0a1f-49e4-97d3-069d4a83c66e,,DCI News
DCI,,,,,,https://dci.mo.gov/news/newsitem/uuid/7d2eb2e7-3e35-4071-9eb4-4c2f72f56eaa,,DCI News
DCI,,,,,,https://dci.mo.gov/news/newsitem/uuid/d9753ce8-53ea-47d3-b82a-ac74dd233294,,DCI News
DCI,,,,,,https://dci.mo.gov/news/newsitem/uuid/790d6315-654c-47b9-a62f-e80c402ebf8d,,DCI News
DCI,,,,,,https://dci.mo.gov/news/newsitem/uuid/4394d2f9-d9a4-4c32-b7a0-154c8e90f462,,DCI News
DCI,,,,,,https://dci.mo.gov/news/newsitem/uuid/5407f777-c32b-4ee7-95c2-22a502db13e3,,DCI News
DCI,,,,,,https://dci.mo.gov/news/newsitem/uuid/6fa528ce-0ee7-4d2e-9acc-126240f40585,,DCI News
DCI,,,,,,https://dci.mo.gov/news/newsitem/uuid/d2d82a61-0495-45af-ab56-ee3866c6e5dc,,DCI News
DCI,,,,,,https://dci.mo.gov/news/newsitem/uuid/42906711-3f4c-4e5d-a585-318ab1658539,,DCI News
DCI,,,,,,https://dci.mo.gov/news/newsitem/uuid/c3920433-7094-42d9-8767-34a353a06aae,,DCI News
DCI,,,,,,https://dci.mo.gov/news/newsitem/uuid/ae7cd1c6-c0fb-475e-b1eb-4ab94647cb42,,DCI News
DCI,,,,,,https://dci.mo.gov/news/newsitem/uuid/8655fae8-280e-4add-b4c4-c391edc4b440,,DCI News
DCI,,,,,,https://dci.mo.gov/news/newsitem/uuid/2973d688-07ee-458a-9781-936d7a7b7f3d,,DCI News
DCI,,,,,,https://dci.mo.gov/news/newsitem/uuid/49ae639a-7cd1-487e-9fa4-7213b763b9d0,,DCI News
DCI,,,,,,https://dci.mo.gov/news/newsitem/uuid/d9f53e64-4dcd-492f-be97-74ac8b6c5fc3,,DCI News
DCI,,,,,,https://dci.mo.gov/news/newsitem/uuid/f0cf579c-fb3d-4e1e-8f3b-310fc3904c42,,DCI News
DCI,,,,,,https://dci.mo.gov/news/newsitem/uuid/ca5e3bde-0fe2-45b9-9ed0-353f59e8ee2a,,DCI News
DCI,,,,,,https://dci.mo.gov/news/newsitem/uuid/ae532e8c-5c4e-4eff-a984-ad6724b4b441,,DCI News
DCI,,,,,,https://dci.mo.gov/news/newsitem/uuid/9a17acad-d11f-4c87-968c-8ddc86e229ae,,DCI News
DCI,,,,,,https://dci.mo.gov/news/newsitem/uuid/2ebce782-5a7d-4a7a-a5e1-704deb24194f,,DCI News
DCI,,,,,,https://dci.mo.gov/news/newsitem/uuid/4a7cf7bd-d050-4ae3-9e47-634a9c98c892,,DCI News
DCI,,,,,,https://dci.mo.gov/news/newsitem/uuid/6def5155-d8e3-4351-86f4-6f07cfd3d2a0,,DCI News
DCI,,,,,,https://dci.mo.gov/news/newsitem/uuid/c51805b9-b9b6-4262-b1af-915fb09ada97,,DCI News
DCI,,,,,,https://dci.mo.gov/news/newsitem/uuid/66bd3dd2-26c7-40c7-a879-219875cdd7ad,,DCI News
DCI,,,,,,https://dci.mo.gov/news/newsitem/uuid/e26842cb-77df-45ca-a32d-ec437ff8b02f,,DCI News
DCI,,,,,,https://dci.mo.gov/news/newsitem/uuid/bc4bdf86-8568-4a72-b2c0-781814dbea9b,,DCI News
DCI,,,,,,https://dci.mo.gov/news/newsitem/uuid/70b30b16-94df-4087-bf93-54ef0b3df317,,DCI News
DCI,,,,,,https://dci.mo.gov/news/newsitem/uuid/f58b83aa-f8cf-46dc-a73e-2d6402a8b192,,DCI News
DCI,,,,,,https://dci.mo.gov/news/newsitem/uuid/93c0e096-7934-4fd5-9c44-a63c4be87c49,,DCI News
DCI,,,,,,https://dci.mo.gov/news/newsitem/uuid/ed02ec19-f83b-4756-8dce-3b191db0b8ea,,DCI News
DCI,,,,,,https://dci.mo.gov/news/newsitem/uuid/f6da98fa-c663-46d9-9812-5a1bf45ab688,,DCI News
DCI,,,,,,https://dci.mo.gov/news/newsitem/uuid/0e82b0e2-fc7a-42c3-b3aa-db026e7d2f13,,DCI News
DCI,,,,,,https://dci.mo.gov/news/newsitem/uuid/867ac986-a690-49cb-808f-be3bdca3d0e1,,DCI News
DCI,,,,,,https://dci.mo.gov/news/newsitem/uuid/580e2781-1793-4b2f-a9bf-cfa0b40885e9,,DCI News
DCI,,,,,,https://dci.mo.gov/news/newsitem/uuid/f3a1bbcf-1f3e-4710-a197-8e9a60937a06,,DCI News
DCI,,,,,,https://dci.mo.gov/news/newsitem/uuid/d81ba572-1fa5-45b1-8fc3-4d0ccc6c083e,,DCI News
DCI,,,,,,https://dci.mo.gov/news/newsitem/uuid/a43ce8b9-966c-4d39-99b2-e756268165e4,,DCI News
DCI,,,,,,https://dci.mo.gov/news/newsitem/uuid/20e5a639-982f-4860-a3be-a7a94d989738,,DCI News
DCI,,,,,,https://dci.mo.gov/news/newsitem/uuid/f61de6b9-e93d-4336-b6b9-f69806e14369,,DCI News
DCI,,,,,,https://dci.mo.gov/news/newsitem/uuid/e99707fb-c353-4803-b590-0d0811b60894,,DCI News
DCI,,,,,,https://dci.mo.gov/news/newsitem/uuid/f404b267-97cc-4944-9dcb-dfdc1c86c41c,,DCI News
DCI,,,,,,https://dci.mo.gov/news/newsitem/uuid/ca130f17-be2d-4db7-8ca9-9b6bb37e0b40,,DCI News
DCI,,,,,,https://dci.mo.gov/news/newsitem/uuid/e341f2b2-4d09-46d0-8bd3-f99f12035777,,DCI News
DCI,,,,,,https://dci.mo.gov/news/newsitem/uuid/f1b7428d-08a3-4cc6-9880-a4029a6cb09c,,DCI News
DCI,,,,,,https://dci.mo.gov/news/newsitem/uuid/9688f4e4-0e41-4bfc-b730-1c0256609ccc,,DCI News
DCI,,,,,,https://dci.mo.gov/news/newsitem/uuid/0f028908-9344-41da-86fc-7825a6637984,,DCI News
DCI,,,,,,https://dci.mo.gov/news/newsitem/uuid/a149048a-0836-4ff2-9532-7a356d26dab4,,DCI News
DCI,,,,,,https://dci.mo.gov/news/newsitem/uuid/00bbec33-0952-4ff3-b930-44efd59fd9b5,,DCI News
DCI,,,,,,https://dci.mo.gov/news/newsitem/uuid/9b6d99a6-5b89-455d-819a-b2166e4f9f0f,,DCI News
DCI,,,,,,https://dci.mo.gov/news/newsitem/uuid/c0a39b53-8c14-4603-933c-8f944f723aa0,,DCI News
DCI,,,,,,https://dci.mo.gov/news/newsitem/uuid/3188eb0e-7f36-4093-aea4-f02b25c9a25c,,DCI News
DCI,,,,,,https://dci.mo.gov/news/newsitem/uuid/9846ec67-e5c2-4ef3-809e-848c13612b61,,DCI News
DCI,,,,,,https://dci.mo.gov/news/newsitem/uuid/76ac6faf-bfcb-40aa-809b-87285a1b9f0b,,DCI News
DCI,,,,,,https://dci.mo.gov/news/newsitem/uuid/53ec119d-cdd6-4e48-b824-5f93fbb42e71,,DCI News
DCI,,,,,,https://dci.mo.gov/news/newsitem/uuid/d3938b50-d673-4caa-b5aa-e1a26c52ddd9,,DCI News
DCI,,,,,,https://dci.mo.gov/news/newsitem/uuid/05d493b4-e430-437a-971c-0c760dcc5744,,DCI News
DCI,,,,,,https://dci.mo.gov/news/newsitem/uuid/513d8954-0496-4ab2-a251-3844c5390fc2,,DCI News
DCI,,,,,,https://dci.mo.gov/news/newsitem/uuid/2a5dcb8a-b1fc-40c9-82cb-8bc6232432f9,,DCI News
DCI,,,,,,https://dci.mo.gov/news/newsitem/uuid/1e88ceac-083e-44dc-afdf-c41f70d9dcc7,,DCI News
DCI,,,,,,https://dci.mo.gov/news/newsitem/uuid/adf07916-f651-4d0b-ac4a-264a21bcab18,,DCI News
DCI,,,,,,https://dci.mo.gov/news/newsitem/uuid/0f500f05-9689-45eb-aec2-bfecf0bb025a,,DCI News
DCI,,,,,,https://dci.mo.gov/news/newsitem/uuid/8179e282-9180-4b9b-921f-193b3dabdb5a,,DCI News
DCI,,,,,,https://dci.mo.gov/news/newsitem/uuid/0cf8b5ab-f182-4e99-a239-0d74e1d39f9a,,DCI News
DCI,,,,,,https://dci.mo.gov/news/newsitem/uuid/cbda94c9-a325-4bd2-8152-69f29e020c5b,,DCI News
DCI,,,,,,https://dci.mo.gov/news/newsitem/uuid/1cf5e852-01db-44f4-99b0-f89b0abced4f,,DCI News
DCI,,,,,,https://dci.mo.gov/news/newsitem/uuid/c6f852e0-95dc-4af8-8d9f-f795e3aa319c,,DCI News
DCI,,,,,,https://dci.mo.gov/news/newsitem/uuid/a7eae10b-5ccc-4937-a304-766d0da91541,,DCI News
DCI,,,,,,https://dci.mo.gov/news/newsitem/uuid/4d016b4c-b303-408c-9b35-4afaef9e4760,,DCI News
DCI,,,,,,https://dci.mo.gov/news/newsitem/uuid/d97ac5a0-80f2-4dfb-ab62-097736edb5af,,DCI News
DCI,,,,,,https://dci.mo.gov/news/newsitem/uuid/292d8363-d307-4576-a69d-3d4911e57d48,,DCI News
DCI,,,,,,https://dci.mo.gov/news/newsitem/uuid/831a604e-3209-49bc-a82a-81e219f0f280,,DCI News
DCI,,,,,,https://dci.mo.gov/news/newsitem/uuid/8ffb3e76-701d-4af4-a2ca-99204b535508,,DCI News
DCI,,,,,,https://dci.mo.gov/news/newsitem/uuid/07e9abee-617c-43f9-93b8-717aa0f03c02,,DCI News
DCI,,,,,,https://dci.mo.gov/news/newsitem/uuid/1c13d86e-55ce-4355-b963-6f462a6dd9c0,,DCI News
DCI,,,,,,https://dci.mo.gov/news/newsitem/uuid/0c1974f6-18ab-45e0-929c-552e97f6410b,,DCI News
DCI,,,,,,https://dci.mo.gov/news/newsitem/uuid/c35b70e2-c183-4fb8-9c41-9700a8042a0c,,DCI News
DCI,,,,,,https://dci.mo.gov/news/newsitem/uuid/d6c5a8ec-8da9-40f9-9885-9b43ec94c38c,,DCI News
DCI,,,,,,https://dci.mo.gov/news/newsitem/uuid/871f4d7c-6f04-4319-8148-5d05d611524a,,DCI News
DCI,,,,,,https://dci.mo.gov/news/newsitem/uuid/7a943338-7c3d-4cbf-b099-8052c160cb62,,DCI News
DCI,,,,,,https://dci.mo.gov/news/newsitem/uuid/c9aed21e-9007-4299-a750-540f471e9958,,DCI News
DCI,,,,,,https://dci.mo.gov/news/newsitem/uuid/92a47ebd-767f-415c-bb12-f1279f26e0cc,,DCI News
DCI,,,,,,https://dci.mo.gov/news/newsitem/uuid/d08c499e-daf9-4d99-a489-2bcd74994199,,DCI News
DCI,,,,,,https://dci.mo.gov/news/newsitem/uuid/e6edbada-8293-4272-8a86-11e75f7a6e85,,DCI News
DCI,,,,,,https://dci.mo.gov/news/newsitem/uuid/cdb9445d-6bb5-44de-90ec-4aaca2ec4a0c,,DCI News
DCI,,,,,,https://dci.mo.gov/news/newsitem/uuid/ae85e2ef-8251-41f8-b9d1-4a4d4815a094,,DCI News
DCI,,,,,,https://dci.mo.gov/news/newsitem/uuid/7ee4725d-f231-4636-8ef8-4802a42e5979,,DCI News
DCI,,,,,,https://dci.mo.gov/news/newsitem/uuid/60a53e47-f467-4ff8-86c8-cb6dd84421f5,,DCI News
DCI,,,,,,https://dci.mo.gov/news/newsitem/uuid/adf57638-3319-4e55-b886-f6377eb3538b,,DCI News
DCI,,,,,,https://dci.mo.gov/news/newsitem/uuid/a3f88cbc-5820-4a1c-818e-3f4c34ff03bf,,DCI News
DCI,,,,,,https://dci.mo.gov/news/newsitem/uuid/9266e2fa-7b41-41e5-874c-38ff77ba5e2c,,DCI News
DCI,,,,,,https://dci.mo.gov/news/newsitem/uuid/557ba6b8-108e-433a-8a2e-539efdcdc710,,DCI News
DCI,,,,,,https://dci.mo.gov/news/newsitem/uuid/f8186b38-2902-4d96-8830-a1cbb8da95fc,,DCI News
DCI,,,,,,https://dci.mo.gov/news/newsitem/uuid/3130b04b-3fa2-4f60-be81-be4c6c35b006,,DCI News
DCI,,,,,,https://dci.mo.gov/news/newsitem/uuid/e23227da-2ff7-4719-b6c0-26c683d2e0e9,,DCI News
DCI,,,,,,https://dci.mo.gov/news/newsitem/uuid/403ff44a-60cf-41c4-bd76-0a4e10660734,,DCI News
DCI,,,,,,https://dci.mo.gov/news/newsitem/uuid/2292a97c-bee3-40d7-aa9b-00a398ccfd0a,,DCI News
DCI,,,,,,https://dci.mo.gov/news/newsitem/uuid/cde77446-2899-4bef-8324-00db6c936719,,DCI News
DCI,,,,,,https://dci.mo.gov/news/newsitem/uuid/38bd4dbd-082e-49be-97c0-286c88387dd3,,DCI News
DCI,,,,,,https://dci.mo.gov/news/newsitem/uuid/dca391d5-3c2c-435a-a7fe-5020d6268b9e,,DCI News
DCI,,,,,,https://dci.mo.gov/news/newsitem/uuid/5e0020ec-0818-41eb-8f80-af70eb2896a8,,DCI News
DCI,,,,,,https://dci.mo.gov/news/newsitem/uuid/8135a1af-9048-4e37-9198-fed910d1e71e,,DCI News
DCI,,,,,,https://dci.mo.gov/news/newsitem/uuid/c51812c0-a027-49e7-985f-da52c46a1d2c,,DCI News
DCI,,,,,,https://dci.mo.gov/news/newsitem/uuid/2db340f9-f6a3-4e59-b3a2-79464c2b4013,,DCI News
DCI,,,,,,https://dci.mo.gov/news/newsitem/uuid/a81fb132-f13b-4ee2-8800-693e6c3db9af,,DCI News
DCI,,,,,,https://dci.mo.gov/news/newsitem/uuid/0bc026ba-b6ff-42b7-9830-4c64a4376d8f,,DCI News
DCI,,,,,,https://dci.mo.gov/news/newsitem/uuid/57b6356d-87a8-4afc-8688-57672453cccc,,DCI News
DCI,,,,,,https://dci.mo.gov/news/newsitem/uuid/2af26866-a861-48a0-b745-add843e1a03d,,DCI News
DCI,,,,,,https://dci.mo.gov/news/newsitem/uuid/2a8b0186-7eaf-43d9-ba43-fe74098f8a5d,,DCI News
DCI,,,,,,https://dci.mo.gov/news/newsitem/uuid/b39a7bcd-e8c4-40cf-8b40-bd0475023e25,,DCI News
DCI,,,,,,https://dci.mo.gov/news/newsitem/uuid/905eb4bd-5dee-48be-87cd-2ebbb3f2281f,,DCI News
DCI,,,,,,https://dci.mo.gov/news/newsitem/uuid/9c6f7ab9-433d-4a73-aa89-1758aba00cf0,,DCI News
DCI,,,,,,https://dci.mo.gov/news/newsitem/uuid/f861d6dd-b166-4398-b922-c2d8044bb6ce,,DCI News
DCI,,,,,,https://dci.mo.gov/news/newsitem/uuid/3e61b5c6-1b30-489c-870c-04e5910f863c,,DCI News
DCI,,,,,,https://dci.mo.gov/news/newsitem/uuid/f2c6db50-8880-4ef1-966d-cc3557c37629,,DCI News
DCI,,,,,,https://dci.mo.gov/news/newsitem/uuid/566625fc-1374-421a-9015-11b26c01af88,,DCI News
DCI,,,,,,https://dci.mo.gov/news/newsitem/uuid/9173a542-6dd6-40bb-a0a6-c1967d934648,,DCI News
DCI,,,,,,https://dci.mo.gov/news/newsitem/uuid/442ea174-dfc4-4d0c-a55a-76e4a56bc32b,,DCI News
DCI,,,,,,https://dci.mo.gov/news/newsitem/uuid/fb4054dd-2e9f-4c27-8108-c8a7fc66ea83,,DCI News
DCI,,,,,,https://dci.mo.gov/news/newsitem/uuid/9b48dda4-ecf9-4ac2-8a61-2b6ee599b7c1,,DCI News
DCI,,,,,,https://dci.mo.gov/news/newsitem/uuid/5a1dd7b3-53c5-46fa-9041-1303e85171f5,,DCI News
DCI,,,,,,https://dci.mo.gov/news/newsitem/uuid/83d1a30c-ce33-4c46-9c72-866dc710058e,,DCI News
DCI,,,,,,https://dci.mo.gov/news/newsitem/uuid/4e7abb1a-2add-4f58-9bfe-55240c06029b,,DCI News
DCI,,,,,,https://dci.mo.gov/news/newsitem/uuid/8d1d4b29-7a1a-41ef-a767-db3734d51d1f,,DCI News
DCI,,,,,,https://dci.mo.gov/news/newsitem/uuid/b6cbd323-ac5c-4a17-903d-64cb3ab0ba72,,DCI News
DCI,,,,,,https://dci.mo.gov/news/newsitem/uuid/83f6fd25-8850-40cd-b678-bf1480cf6002,,DCI News
DCI,,,,,,https://dci.mo.gov/news/newsitem/uuid/5e425b69-66ab-4408-b30d-120051d00ff6,,DCI News
DCI,,,,,,https://dci.mo.gov/news/newsitem/uuid/44ce4509-351d-4dd0-b7e6-f78b043e1c8f,,DCI News
DCI,,,,,,https://dci.mo.gov/news/newsitem/uuid/b647552c-b91f-4c0c-a401-368d66988b7e,,DCI News
DCI,,,,,,https://dci.mo.gov/news/newsitem/uuid/1fdb64b0-80a7-4862-a0cc-247339fba8cb,,DCI News
DCI,,,,,,https://dci.mo.gov/news/newsitem/uuid/d9c3ed02-75f3-4d24-b4aa-bef7a5d05b62,,DCI News
DCI,,,,,,https://dci.mo.gov/news/newsitem/uuid/bf71385a-15af-463d-89bb-4110d401edd5,,DCI News
DCI,,,,,,https://dci.mo.gov/news/newsitem/uuid/1a6f8be8-5f33-4da1-aa8e-647aa07d16bc,,DCI News
DCI,,,,,,https://dci.mo.gov/news/newsitem/uuid/e1e2598b-cc48-4613-b3a5-8fc6f62c96ef,,DCI News
DCI,,,,,,https://dci.mo.gov/news/newsitem/uuid/001d4386-ed4b-4f86-af66-b06c9cd83b4c,,DCI News
DCI,,,,,,https://dci.mo.gov/news/newsitem/uuid/7621ced9-4da0-4421-97a2-ae6e5b8ec364,,DCI News
DCI,,,,,,https://dci.mo.gov/news/newsitem/uuid/0706076e-f9c1-4ba0-97ca-9f18cf620b7f,,DCI News
DCI,,,,,,https://dci.mo.gov/news/newsitem/uuid/f2a35577-4fec-4489-8045-62bf1eed0be5,,DCI News
DCI,,,,,,https://dci.mo.gov/news/newsitem/uuid/ce9af1b4-f565-43b4-a3b1-03f375d8668a,,DCI News
DCI,,,,,,https://dci.mo.gov/news/newsitem/uuid/b732dea2-f0e1-42ed-9580-8c5564a81e68,,DCI News
DCI,,,,,,https://dci.mo.gov/news/newsitem/uuid/11e81d07-983e-4296-9685-dc265ec93e8f,,DCI News
DCI,,,,,,https://dci.mo.gov/news/newsitem/uuid/e1478f6d-5630-4e9c-baef-56c0677d7c64,,DCI News
DCI,,,,,,https://dci.mo.gov/news/newsitem/uuid/b2c46ba4-ba8d-4293-b6bb-4df414a1c825,,DCI News
DCI,,,,,,https://dci.mo.gov/news/newsitem/uuid/49f70681-0184-47ab-9e17-f0655fb36963,,DCI News
DCI,,,,,,https://dci.mo.gov/news/newsitem/uuid/7b731665-76a0-4bd5-8462-eb584d70cc10,,DCI News
DCI,,,,,,https://dci.mo.gov/news/newsitem/uuid/91f5285f-e31f-4475-9151-012cc4744491,,DCI News
DCI,,,,,,https://dci.mo.gov/news/newsitem/uuid/adfe6d9a-823a-433f-a285-f1d6a3f3f150,,DCI News
DCI,,,,,,https://dci.mo.gov/news/newsitem/uuid/b321bfea-644c-481b-bccc-b765aaacb83e,,DCI News
DCI,,,,,,https://dci.mo.gov/news/newsitem/uuid/a13b2f02-c8f0-4728-bda4-7a728f5ea461,,DCI News
DCI,,,,,,https://dci.mo.gov/news/newsitem/uuid/4945d95a-d2d5-470c-ac3c-c0585316d180,,DCI News
DCI,,,,,,https://dci.mo.gov/news/newsitem/uuid/7c4042d1-cc09-49d3-9dd3-ab66e943bcac,,DCI News
DCI,,,,,,https://dci.mo.gov/news/newsitem/uuid/8eeee96a-5dee-41da-ac34-b34756fa8f7f,,DCI News
DCI,,,,,,https://dci.mo.gov/news/newsitem/uuid/c695276b-5fdc-4281-bebd-bbf206a45037,,DCI News
DCI,,,,,,https://dci.mo.gov/news/newsitem/uuid/b0b93a11-a256-4907-8f45-e92356ed8cdc,,DCI News
DCI,,,,,,https://dci.mo.gov/news/newsitem/uuid/cf72e45a-c93d-473a-8ecd-731eebcf92dd,,DCI News
DCI,,,,,,https://dci.mo.gov/news/newsitem/uuid/879a1813-14ac-4d3b-9aa5-d66db4b530a2,,DCI News
DCI,,,,,,https://dci.mo.gov/news/newsitem/uuid/642088c9-730f-4b5b-83b4-8814b9fb86a9,,DCI News
DCI,,,,,,https://dci.mo.gov/news/newsitem/uuid/08db2d1f-0c94-429a-b1b4-a2d31b32e714,,DCI News
DCI,,,,,,https://dci.mo.gov/news/newsitem/uuid/adc0a378-a2af-40e1-aa8f-8bd84103d84f,,DCI News
DCI,,,,,,https://dci.mo.gov/news/newsitem/uuid/365927ca-e0b6-440b-803b-2eb406bd37e9,,DCI News
DCI,,,,,,https://dci.mo.gov/news/newsitem/uuid/9549b39d-e894-4e9e-a2ac-49410d2b0af0,,DCI News
DCI,,,,,,https://dci.mo.gov/news/newsitem/uuid/9b031303-d554-4a9b-9fe8-52664d243357,,DCI News
DCI,,,,,,https://dci.mo.gov/news/newsitem/uuid/c34f9fb6-bb25-4373-9816-3806cd226c52,,DCI News
DCI,,,,,,https://dci.mo.gov/news/newsitem/uuid/6f0d9d12-701e-47aa-b01d-b8506ead079d,,DCI News
DCI,,,,,,https://dci.mo.gov/news/newsitem/uuid/6f9ca416-ebaf-43c4-a872-0e51e2c30e82,,DCI News
DCI,,,,,,https://dci.mo.gov/news/newsitem/uuid/6ea33650-a604-4822-ae31-93eae3815138,,DCI News
DCI,,,,,,https://dci.mo.gov/news/newsitem/uuid/4767a298-e2ea-4816-b70a-8f82ca4d65d4,,DCI News
DCI,,,,,,https://dci.mo.gov/news/newsitem/uuid/360818a7-ed07-4c50-9844-ad41a0a88740,,DCI News
DCI,,,,,,https://dci.mo.gov/news/newsitem/uuid/a7736dd8-8243-405c-965b-0b39327a6b74,,DCI News
DCI,,,,,,https://dci.mo.gov/news/newsitem/uuid/2ce23045-9b43-42d3-a278-088474a3fefc,,DCI News
DCI,,,,,,https://dci.mo.gov/news/newsitem/uuid/78fc6807-081b-4769-bbf6-ff4912ea12b1,,DCI News
DCI,,,,,,https://dci.mo.gov/news/newsitem/uuid/a4f6edea-779c-4992-bbc6-782721076a3e,,DCI News
DCI,,,,,,https://dci.mo.gov/news/newsitem/uuid/2cf49b44-2a82-4e14-912e-ed70616768b0,,DCI News
DCI,,,,,,https://dci.mo.gov/news/newsitem/uuid/aeb2ca11-a34a-44be-a9fc-7f38225040e9,,DCI News
DCI,,,,,,https://dci.mo.gov/news/newsitem/uuid/dac3698b-8696-489d-bf55-c4a126114c56,,DCI News
DCI,,,,,,https://dci.mo.gov/news/newsitem/uuid/2a6f6edd-283b-4383-a291-0235616b7da2,,DCI News
DCI,,,,,,https://dci.mo.gov/news/newsitem/uuid/962587de-e8c5-4118-93ea-3f0e37d07090,,DCI News
DCI,,,,,,https://dci.mo.gov/news/newsitem/uuid/7b4c0d71-b930-42f0-bfed-b49250582f87,,DCI News
DCI,,,,,,https://dci.mo.gov/news/newsitem/uuid/770407d5-1be2-44a9-aece-b99d55c20e73,,DCI News
DCI,,,,,,https://dci.mo.gov/news/newsitem/uuid/ffdb98ac-f4eb-4bfc-8585-17497e32dc76,,DCI News
DCI,,,,,,https://dci.mo.gov/news/newsitem/uuid/706f30f0-3191-49cc-983e-48153d20161f,,DCI News
DCI,,,,,,https://dci.mo.gov/news/newsitem/uuid/f4f32d29-48c1-4101-89d7-d67da16c305c,,DCI News
DCI,,,,,,https://dci.mo.gov/news/newsitem/uuid/192cdf89-eba8-42ca-a79c-d9030ea5f52a,,DCI News
DCI,,,,,,https://dci.mo.gov/news/newsitem/uuid/b7cea4ae-1c08-40b9-9153-cfd8e1916fef,,DCI News
DCI,,,,,,https://dci.mo.gov/news/newsitem/uuid/81a5439a-66a0-4630-ab77-395461634e92,,DCI News
DCI,,,,,,https://dci.mo.gov/news/newsitem/uuid/d24ec57f-8533-4ac0-91ed-bc9d6d358968,,DCI News
DCI,,,,,,https://dci.mo.gov/news/newsitem/uuid/bac1c5ba-5f78-4910-a671-37bcfc350aa6,,DCI News
DCI,,,,,,https://dci.mo.gov/news/newsitem/uuid/46b32555-16da-42a9-8fa8-0d20c06c79e0,,DCI News
DCI,,,,,,https://dci.mo.gov/news/newsitem/uuid/7ba230e8-319d-48ba-9f98-18859672193c,,DCI News
DCI,,,,,,https://dci.mo.gov/news/newsitem/uuid/039fc1d7-5251-4ce3-b72b-8dafa9caf72b,,DCI News
DCI,,,,,,https://dci.mo.gov/news/newsitem/uuid/e95d0772-a28e-4737-9383-010543cd9775,,DCI News
DCI,,,,,,https://dci.mo.gov/news/newsitem/uuid/86bdf9fe-c4f0-431b-9f97-40486440beba,,DCI News
DCI,,,,,,https://dci.mo.gov/news/newsitem/uuid/8c046eac-b5ad-46c7-afe6-5fdda6a49361,,DCI News
DCI,,,,,,https://dci.mo.gov/news/newsitem/uuid/5535d1b8-67ea-40ce-bfd6-7c287a0cc735,,DCI News
DCI,,,,,,https://dci.mo.gov/news/newsitem/uuid/68b37650-fd86-4287-bc7a-1d723dd6577e,,DCI News
DCI,,,,,,https://dci.mo.gov/news/newsitem/uuid/f94cbc2b-e7a4-4e9f-8541-fdead8c909ba,,DCI News
DCI,,,,,,https://dci.mo.gov/news/newsitem/uuid/b980c607-a696-4b7e-96ef-6087033e0f5b,,DCI News
DCI,,,,,,https://dci.mo.gov/news/newsitem/uuid/3ffeb6fd-404a-4ccf-a71b-3777cb319e19,,DCI News
DCI,,,,,,https://dci.mo.gov/news/newsitem/uuid/ea59b85a-965b-466e-9234-bfbef41ce32b,,DCI News
DCI,,,,,,https://dci.mo.gov/news/newsitem/uuid/3f6165d0-f582-4b56-a64b-1e6d7f87cd69,,DCI News
DCI,,,,,,https://dci.mo.gov/news/newsitem/uuid/3af09f6f-f256-45b8-a745-3a1e19b0fb90,,DCI News
DCI,,,,,,https://dci.mo.gov/news/newsitem/uuid/19406a32-dd36-41db-98ec-793b9c44811a,,DCI News
DCI,,,,,,https://dci.mo.gov/news/newsitem/uuid/ba904983-01fb-422d-93fc-5d93e38548ec,,DCI News
DCI,,,,,,https://dci.mo.gov/news/newsitem/uuid/21d45074-aa15-4fba-9ed9-9ea4b546832f,,DCI News
DCI,,,,,,https://dci.mo.gov/news/newsitem/uuid/eefddc90-b4ff-46b6-a465-3410c5cd4b54,,DCI News
DCI,,,,,,https://dci.mo.gov/news/newsitem/uuid/bca2e78d-acdc-469a-8600-5421234512e1,,DCI News
DCI,,,,,,https://dci.mo.gov/news/newsitem/uuid/2359ca90-8197-40fb-a328-bf55946e9e33,,DCI News
DCI,,,,,,https://dci.mo.gov/news/newsitem/uuid/5cd2ad34-0255-4f4f-b0df-467bccc2137e,,DCI News
DCI,,,,,,https://dci.mo.gov/news/newsitem/uuid/dbf4450a-086b-4145-98d9-f3a8be52a883,,DCI News
DCI,,,,,,https://dci.mo.gov/news/newsitem/uuid/8ed9c833-9d4e-45a9-810f-09b288a6f4f4,,DCI News
DCI,,,,,,https://dci.mo.gov/news/newsitem/uuid/1427288e-157d-4ee0-b600-29dd44eca67f,,DCI News
DCI,,,,,,https://dci.mo.gov/news/newsitem/uuid/400709d4-8b6a-4805-a60b-56684bfacb6a,,DCI News
DCI,,,,,,https://dci.mo.gov/news/newsitem/uuid/375ebf85-0d45-44a7-ba1e-e375fd1d1ef1,,DCI News
DCI,,,,,,https://dci.mo.gov/news/newsitem/uuid/a91fef22-8ae4-4fb7-b6cc-e1ff6ad2e2ec,,DCI News
DCI,,,,,,https://dci.mo.gov/news/newsitem/uuid/5e5a84cc-9596-4d08-adb0-4a93784ebed8,,DCI News
DCI,,,,,,https://dci.mo.gov/news/newsitem/uuid/c66a1507-017f-4c12-8682-8e59dab2c1e4,,DCI News
DCI,,,,,,https://dci.mo.gov/news/newsitem/uuid/80be476a-3735-43ce-97d9-c6b9a354514d,,DCI News
DCI,,,,,,https://dci.mo.gov/news/newsitem/uuid/62679fa1-af7b-486b-bb77-5c2ae5193aa2,,DCI News
DCI,,,,,,https://dci.mo.gov/news/newsitem/uuid/a688b2df-5a40-4ef1-9457-26951e3f8a00,,DCI News
DCI,,,,,,https://dci.mo.gov/news/newsitem/uuid/7bed41a9-2e5d-4036-9055-d2fbdf690349,,DCI News
DCI,,,,,,https://dci.mo.gov/news/newsitem/uuid/7fa89ccf-803c-4eb1-9f1e-2248f7e60d4e,,DCI News
DCI,,,,,,https://dci.mo.gov/news/newsitem/uuid/fe01aabb-1530-4dec-88be-868c4c2891a9,,DCI News
DCI,,,,,,https://dci.mo.gov/news/newsitem/uuid/7b794dbe-f699-47f6-88d2-bb803d42163a,,DCI News
DCI,,,,,,https://dci.mo.gov/news/newsitem/uuid/e2ee993e-c6bc-4541-8f79-b28b82d5bf68,,DCI News
DCI,,,,,,https://dci.mo.gov/news/newsitem/uuid/9268c49e-8cb1-49cb-8b1e-cc9fcff0afd0,,DCI News
DCI,,,,,,https://dci.mo.gov/news/newsitem/uuid/b5029307-a4a1-4d13-9bde-adf75a2fd9e8,,DCI News
DCI,,,,,,https://dci.mo.gov/news/newsitem/uuid/63e6b27e-27ed-44a9-b65b-c0a6f906c7a2,,DCI News
DCI,,,,,,https://dci.mo.gov/news/newsitem/uuid/84e45205-9b0e-40dc-a8a3-3a6a2172117f,,DCI News
DCI,,,,,,https://dci.mo.gov/news/newsitem/uuid/f8e51126-6743-442f-adb6-f7b7b972caac,,DCI News
DCI,,,,,,https://dci.mo.gov/news/newsitem/uuid/5232def5-b9b9-420e-b085-a045174e5d23,,DCI News
DCI,,,,,,https://dci.mo.gov/news/newsitem/uuid/6c7477cb-f4dc-4b67-b09f-25b83860e763,,DCI News
DCI,,,,,,https://dci.mo.gov/news/newsitem/uuid/9d8cd405-60c9-4776-acfa-bca01600f0ba,,DCI News
DCI,,,,,,https://dci.mo.gov/news/newsitem/uuid/1a1346a2-5681-435d-8e43-000c3db2748d,,DCI News
DCI,,,,,,https://dci.mo.gov/news/newsitem/uuid/94036462-156e-4b0c-b2e2-5e22a9804862,,DCI News
DCI,,,,,,https://dci.mo.gov/news/newsitem/uuid/f716d255-0ca5-45cb-85a3-fb414cbda5da,,DCI News
DCI,,,,,,https://dci.mo.gov/news/newsitem/uuid/bef9ae19-b5f5-4866-a664-d4128fd24930,,DCI News
DCI,,,,,,https://dci.mo.gov/news/newsitem/uuid/3ae95ac3-3b7c-4f2e-85e1-0f501c6c4eb7,,DCI News
DCI,,,,,,https://dci.mo.gov/news/newsitem/uuid/58612984-ed70-405d-97dd-5a70865e9719,,DCI News
DCI,,,,,,https://dci.mo.gov/news/newsitem/uuid/030d906c-5a62-4234-8cd0-57ce3664785c,,DCI News
DCI,,,,,,https://dci.mo.gov/news/newsitem/uuid/45cda7c7-5559-4910-9f6e-8628b92a9630,,DCI News
DCI,,,,,,https://dci.mo.gov/news/newsitem/uuid/887065c2-5eb6-464f-8f60-550b73c737d0,,DCI News
DCI,,,,,,https://dci.mo.gov/news/newsitem/uuid/f1564a7c-471f-4b30-ad1e-67a54d2bb590,,DCI News
DCI,,,,,,https://dci.mo.gov/news/newsitem/uuid/1c8965ae-d4db-4e4a-a2da-90d32e0b443b,,DCI News
DCI,,,,,,https://dci.mo.gov/news/newsitem/uuid/f6e19f8f-e82f-485c-81f3-938aac3d90ea,,DCI News
DCI,,,,,,https://dci.mo.gov/news/newsitem/uuid/fe88c6a7-6e24-4647-8d0c-f6a6f02ba5d3,,DCI News
DCI,,,,,,https://dci.mo.gov/news/newsitem/uuid/c2f3b25e-45e2-443f-8ee7-e679bfc2c8d5,,DCI News
DCI,,,,,,https://dci.mo.gov/news/newsitem/uuid/7b93a079-511b-47ac-b3e6-135029dd5b91,,DCI News
DCI,,,,,,https://dci.mo.gov/news/newsitem/uuid/2f086f83-1a8f-4bf9-9f17-32be6c80cb74,,DCI News
DCI,,,,,,https://dci.mo.gov/news/newsitem/uuid/f2a0217e-5bca-4d1c-bf9b-c8f10de95a9d,,DCI News
DCI,,,,,,https://dci.mo.gov/news/newsitem/uuid/388930c4-ef7c-41a4-a17b-9ba5e9939732,,DCI News
DCI,,,,,,https://dci.mo.gov/news/newsitem/uuid/20dc8e04-1aa6-4b5f-ac31-3abbf11f0d8b,,DCI News
DCI,,,,,,https://dci.mo.gov/news/newsitem/uuid/fdf7c5e8-3780-49b9-834d-6067d6457a29,,DCI News
DCI,,,,,,https://dci.mo.gov/news/newsitem/uuid/e2f512d6-aec4-40f4-9e0f-4bee50a2f329,,DCI News
DCI,,,,,,https://dci.mo.gov/news/newsitem/uuid/b61068c1-227b-4228-bc03-44e72c99ee45,,DCI News
DCI,,,,,,https://dci.mo.gov/news/newsitem/uuid/c11d2f5b-b4c4-470b-a3da-a2d263c88a76,,DCI News
DCI,,,,,,https://dci.mo.gov/news/newsitem/uuid/c469823a-f4d0-4617-91c4-920004d14c2e,,DCI News
DCI,,,,,,https://dci.mo.gov/news/newsitem/uuid/27a4c9fe-8a9a-4993-94a6-cd99075e8ffb,,DCI News
DCI,,,,,,https://dci.mo.gov/news/newsitem/uuid/93fc16b4-e308-4697-b088-67ac8e96132c,,DCI News
DCI,,,,,,https://dci.mo.gov/news/newsitem/uuid/0204170d-e569-4b7b-b894-3579cb24e874,,DCI News
DCI,,,,,,https://dci.mo.gov/news/newsitem/uuid/d7b04141-f31c-4349-8b4e-04061ce15fd6,,DCI News
DCI,,,,,,https://dci.mo.gov/news/newsitem/uuid/75da2caa-bad0-42c3-85c8-ac60a6e06c8e,,DCI News
DCI,,,,,,https://dci.mo.gov/news/newsitem/uuid/c9743041-255f-4527-9af8-85c6555dba88,,DCI News
DCI,,,,,,https://dci.mo.gov/news/newsitem/uuid/2c9e0128-9419-4929-8822-09a0977f4814,,DCI News
DCI,,,,,,https://dci.mo.gov/news/newsitem/uuid/a2e9c1b2-c651-47cd-9eda-d9bf0034a722,,DCI News
DCI,,,,,,https://dci.mo.gov/news/newsitem/uuid/aef1d836-06c4-4573-8c31-53bdaa556188,,DCI News
DCI,,,,,,https://dci.mo.gov/news/newsitem/uuid/92892ed9-16ca-4734-881e-cce321871710,,DCI News
DCI,,,,,,https://dci.mo.gov/news/newsitem/uuid/5354b9f6-86ef-43bd-a4ee-653b4803c37e,,DCI News
DCI,,,,,,https://dci.mo.gov/news/newsitem/uuid/fd2cfd77-0280-47a6-a9e5-e259e82b0d28,,DCI News
DCI,,,,,,https://dci.mo.gov/news/newsitem/uuid/5af9fe66-9031-49d1-aca2-7e01e46b4b52,,DCI News
DCI,,,,,,https://dci.mo.gov/news/newsitem/uuid/5737d14f-b94d-4127-96e8-1a7690bd8755,,DCI News
DCI,,,,,,https://dci.mo.gov/news/newsitem/uuid/840ec1ef-362e-4dbd-911b-19a440fc5aba,,DCI News
DCI,,,,,,https://dci.mo.gov/news/newsitem/uuid/44008856-46c0-4192-8c5e-9ce9a685aa5a,,DCI News
DCI,,,,,,https://dci.mo.gov/news/newsitem/uuid/1f3f96cc-ec74-4bb6-b7bf-f7745d70988a,,DCI News
DCI,,,,,,https://dci.mo.gov/news/newsitem/uuid/1b4c8928-9625-49d2-96e3-7b6d65ba98ed,,DCI News
DCI,,,,,,https://dci.mo.gov/news/newsitem/uuid/8bad4dce-0648-46eb-8ec0-464a90ca52d6,,DCI News
DCI,,,,,,https://dci.mo.gov/news/newsitem/uuid/713026a4-b1a6-46ff-a8e5-b15f7f246665,,DCI News
DCI,,,,,,https://dci.mo.gov/news/newsitem/uuid/004bf5af-b32f-4e65-9892-06e824d39ad4,,DCI News
DCI,,,,,,https://dci.mo.gov/news/newsitem/uuid/cd810664-27d3-4fa7-80e2-640c4092baa4,,DCI News
DCI,,,,,,https://dci.mo.gov/news/newsitem/uuid/ba0964e8-128b-4a60-962d-623c5dca37e3,,DCI News
DCI,,,,,,https://dci.mo.gov/news/newsitem/uuid/1807beca-2dc8-4abd-acaa-6254452f4a32,,DCI News
DCI,,,,,,https://dci.mo.gov/news/newsitem/uuid/a5d17c6b-a5df-4b81-9736-c91fb2fe09df,,DCI News
DCI,,,,,,https://dci.mo.gov/news/newsitem/uuid/c073795a-00ef-4295-a51d-451627ed7a41,,DCI News
DCI,,,,,,https://dci.mo.gov/news/newsitem/uuid/10a02075-349a-46af-bc05-e1fb223a752b,,DCI News
DCI,,,,,,https://dci.mo.gov/news/newsitem/uuid/12cd6bc8-f9d7-43fd-8626-27eae8107e7f,,DCI News
DCI,,,,,,https://dci.mo.gov/news/newsitem/uuid/665e1a4e-6edf-4cbf-9c80-4467007e6f4a,,DCI News
DCI,,,,,,https://dci.mo.gov/news/newsitem/uuid/80c7ff0d-c438-4e55-b473-c9f4ed7d93d9,,DCI News
DCI,,,,,,https://dci.mo.gov/news/newsitem/uuid/f0061cca-d5a4-44f5-8580-f7d9fa36625d,,DCI News
DCI,,,,,,https://dci.mo.gov/news/newsitem/uuid/2f2ed15f-58ad-4af9-b4aa-b6741fd62b7e,,DCI News
DCI,,,,,,https://dci.mo.gov/news/newsitem/uuid/b5871e60-5ea8-4a33-8eb0-a06f78021891,,DCI News
DCI,,,,,,https://dci.mo.gov/news/newsitem/uuid/380eab76-e99f-4dea-84f8-35c387fa76ef,,DCI News
DCI,,,,,,https://dci.mo.gov/news/newsitem/uuid/096b3e81-b896-4d73-8d11-e153de7a3560,,DCI News
DCI,,,,,,https://dci.mo.gov/news/newsitem/uuid/2708fb6b-24db-439e-b7b7-a1ffbd884e4e,,DCI News
DCI,,,,,,https://dci.mo.gov/news/newsitem/uuid/73a3a9f3-5674-4762-866e-f0266acca77b,,DCI News
DCI,,,,,,https://dci.mo.gov/news/newsitem/uuid/41de6cfb-10d6-4053-81e9-dbbd0cc8a466,,DCI News
DCI,,,,,,https://dci.mo.gov/news/newsitem/uuid/5c5c3579-540a-4ff0-8ca1-a4dae100442f,,DCI News
DCI,,,,,,https://dci.mo.gov/news/newsitem/uuid/df5ea491-28e7-4740-9a11-0330751a4df2,,DCI News
DCI,,,,,,https://dci.mo.gov/news/newsitem/uuid/dbcad576-faed-40ad-8a95-5821669513ca,,DCI News
DCI,,,,,,https://dci.mo.gov/news/newsitem/uuid/ca4b682a-84b2-4dcf-aec5-0746641172f3,,DCI News
DCI,,,,,,https://dci.mo.gov/news/newsitem/uuid/5fdebad4-71a2-4c96-8c41-9ee51bc64ca0,,DCI News
DCI,,,,,,https://dci.mo.gov/news/newsitem/uuid/e5316fd6-f4db-4537-b634-1ce678a36955,,DCI News
DCI,,,,,,https://dci.mo.gov/news/newsitem/uuid/4c03ff88-0d92-4542-87ac-19b2f1fe9671,,DCI News
DCI,,,,,,https://dci.mo.gov/news/newsitem/uuid/51c40648-f6e0-4deb-9d9c-7b3584aa3ed8,,DCI News
DCI,,,,,,https://dci.mo.gov/news/newsitem/uuid/7d1d2f3e-6841-41c1-82bc-3cdbcc79cde3,,DCI News
DCI,,,,,,https://dci.mo.gov/news/newsitem/uuid/73f5b610-382c-44b1-8953-34454a5630e7,,DCI News
DCI,,,,,,https://dci.mo.gov/news/newsitem/uuid/9f8363ec-6059-400a-870a-e6032bd4e400,,DCI News
DCI,,,,,,https://dci.mo.gov/news/newsitem/uuid/bfd4f4ed-4b13-43dd-9542-ef4b1b526e1a,,DCI News
DCI,,,,,,https://dci.mo.gov/news/newsitem/uuid/afadd5fa-c2f3-4c34-9bc3-ef1fdbf53b3b,,DCI News
DCI,,,,,,https://dci.mo.gov/news/newsitem/uuid/fa6e40dc-9110-46a7-a5d3-855f893824ae,,DCI News
DCI,,,,,,https://dci.mo.gov/news/newsitem/uuid/632e9d86-fd61-4bb3-aa58-000c8fc4dcec,,DCI News
DCI,,,,,,https://dci.mo.gov/news/newsitem/uuid/0446c0b1-d11b-4220-bb4c-e5f157f6c03e,,DCI News
DCI,,,,,,https://dci.mo.gov/news/newsitem/uuid/fbc2657d-8bf3-4b1d-bb65-7846b43bf388,,DCI News
DCI,,,,,,https://dci.mo.gov/news/newsitem/uuid/8ff420fd-5317-46f9-9123-e0dfa1806ff4,,DCI News
DCI,,,,,,https://dci.mo.gov/news/newsitem/uuid/b7fbaa6b-d977-4c2b-993f-d7c63dfaab52,,DCI News
DCI,,,,,,https://dci.mo.gov/news/newsitem/uuid/38e118d7-b869-4382-8c22-e29ebd0d3aae,,DCI News
DCI,,,,,,https://dci.mo.gov/news/newsitem/uuid/ba3a1e83-7650-4b6c-8827-225517c86d3e,,DCI News
DCI,,,,,,https://dci.mo.gov/news/newsitem/uuid/a1947433-f0be-41da-b94e-97fae1fe1b43,,DCI News
DCI,,,,,,https://dci.mo.gov/news/newsitem/uuid/be5a8cc1-729e-41d4-a3fa-173e1338b90c,,DCI News
DCI,,,,,,https://dci.mo.gov/news/newsitem/uuid/dd8f5d29-9d76-479a-a58e-13ee65ee53fd,,DCI News
DCI,,,,,,https://dci.mo.gov/news/newsitem/uuid/f89737f1-60fc-40d9-962f-23fbbab727cb,,DCI News
DCI,,,,,,https://dci.mo.gov/news/newsitem/uuid/aa588410-07df-4249-923a-da8368a7de94,,DCI News
DCI,,,,,,https://dci.mo.gov/news/newsitem/uuid/7843766a-21f7-4d1c-ba1a-7a1d55d6ad4f,,DCI News
DCI,,,,,,https://dci.mo.gov/news/newsitem/uuid/650e28db-c556-4351-ad70-dfc46625e90b,,DCI News
DCI,,,,,,https://dci.mo.gov/news/newsitem/uuid/60248c73-0f90-4916-9a7e-fc1780d21825,,DCI News
DCI,,,,,,https://dci.mo.gov/news/newsitem/uuid/b6dbf07b-8c9f-4a9f-bf9a-745af206c4c6,,DCI News
DCI,,,,,,https://dci.mo.gov/news/newsitem/uuid/33b848d0-b329-47c7-8193-c3612496043a,,DCI News
DCI,,,,,,https://dci.mo.gov/news/newsitem/uuid/56c374c8-434b-4351-913a-cb9360f6228c,,DCI News
DCI,,,,,,https://dci.mo.gov/news/newsitem/uuid/9fadec96-2c4b-4920-b64c-a59674649a2b,,DCI News
DCI,,,,,,https://dci.mo.gov/news/newsitem/uuid/4203ee87-75ff-4cf7-a6b7-c6a2814e709e,,DCI News
DCI,,,,,,https://dci.mo.gov/news/newsitem/uuid/b2d04c09-1965-4231-b6ad-84b9d401fe04,,DCI News
DCI,,,,,,https://dci.mo.gov/news/newsitem/uuid/84a33fd5-e009-4a4f-9fff-4dfe10a8bbec,,DCI News
DCI,,,,,,https://dci.mo.gov/news/newsitem/uuid/b40eeaee-2def-482a-a453-436eb2b6ec39,,DCI News
DCI,,,,,,https://dci.mo.gov/news/newsitem/uuid/706d6243-e101-43e6-8f6e-324caa523ffd,,DCI News
DCI,,,,,,https://dci.mo.gov/news/newsitem/uuid/d38d3f9a-4b10-42f9-bd9e-6ba265cbfbe8,,DCI News
DCI,,,,,,https://dci.mo.gov/news/newsitem/uuid/7b985652-127c-4edd-879f-98f8c686e4b3,,DCI News
DCI,,,,,,https://dci.mo.gov/news/newsitem/uuid/f867d23f-0207-457b-b8d4-beea0d821a33,,DCI News
DCI,,,,,,https://dci.mo.gov/news/newsitem/uuid/0be17229-51e9-4785-88de-5f6d1dad33ee,,DCI News
DCI,,,,,,https://dci.mo.gov/news/newsitem/uuid/846c0c1c-d786-4fe0-9618-17e7d059ba5b,,DCI News
DCI,,,,,,https://dci.mo.gov/news/newsitem/uuid/d5a3833e-2ead-4672-a120-ddcb2e690a17,,DCI News
DCI,,,,,,https://dci.mo.gov/news/newsitem/uuid/1de8eb7d-a1c0-4a2d-b749-905b0c21a0b9,,DCI News
DCI,,,,,,https://dci.mo.gov/news/newsitem/uuid/bd674fa6-7dc3-4270-8901-218fa0e63a68,,DCI News
DCI,,,,,,https://dci.mo.gov/news/newsitem/uuid/cda49909-aadc-4cda-ade6-881885ee7617,,DCI News
DCI,,,,,,https://dci.mo.gov/news/newsitem/uuid/47455bf7-c3aa-458d-ac79-e4538a2f2b7a,,DCI News
DCI,,,,,,https://dci.mo.gov/news/newsitem/uuid/9c219370-ec36-4ead-b83a-ce734dc3ddec,,DCI News
DCI,,,,,,https://dci.mo.gov/news/newsitem/uuid/7298619c-ec64-4d03-89ea-9edc76b5a7cf,,DCI News
DCI,,,,,,https://dci.mo.gov/news/newsitem/uuid/bef4b70b-b22f-488b-8583-2aae7a997739,,DCI News
DCI,,,,,,https://dci.mo.gov/news/newsitem/uuid/d5c7900c-da57-40d9-9ea2-280094430c91,,DCI News
DCI,,,,,,https://dci.mo.gov/news/newsitem/uuid/2d5e108b-e60a-4b77-b21d-47adc198116f,,DCI News
DCI,,,,,,https://dci.mo.gov/news/newsitem/uuid/2268a964-b872-4f89-a377-d23a1d0e6f34,,DCI News
DCI,,,,,,https://dci.mo.gov/news/newsitem/uuid/ea5f0e32-2140-461d-8943-7de524e04366,,DCI News
DCI,,,,,,https://dci.mo.gov/news/newsitem/uuid/e83271ac-0400-4852-8491-5232e596e336,,DCI News
DCI,,,,,,https://dci.mo.gov/news/newsitem/uuid/7ff1ccd8-7627-46c0-bfe6-6609116ab2b7,,DCI News
DCI,,,,,,https://dci.mo.gov/news/newsitem/uuid/1057bc1e-1e47-4792-ab25-056a107f5ce3,,DCI News
DCI,,,,,,https://dci.mo.gov/news/newsitem/uuid/8e8784d3-ad80-4a3c-895f-a43addba5399,,DCI News
DCI,,,,,,https://dci.mo.gov/news/newsitem/uuid/a38f5f1a-3210-42cc-9df2-81ff61008bb7,,DCI News
DCI,,,,,,https://dci.mo.gov/news/newsitem/uuid/da9cfaa8-5d43-4bac-9d1f-2f74fe4a016b,,DCI News
DCI,,,,,,https://dci.mo.gov/news/newsitem/uuid/df2357cf-7dec-4c8c-bbc6-4748aff5db3b,,DCI News
DCI,,,,,,https://dci.mo.gov/news/newsitem/uuid/e30fec8b-4fbc-4f5b-b061-b61d4f43188d,,DCI News
DCI,,,,,,https://dci.mo.gov/news/newsitem/uuid/45772289-b742-4f9c-8d4b-eb55a2781356,,DCI News
DCI,,,,,,https://dci.mo.gov/news/newsitem/uuid/3a69e468-b997-4fa0-8527-e9973eb5d27e,,DCI News
DCI,,,,,,https://dci.mo.gov/news/newsitem/uuid/7d45ec00-ee32-4796-bd56-94f554663dba,,DCI News
DCI,,,,,,https://dci.mo.gov/news/newsitem/uuid/ad29f4be-d1da-472a-9d3e-a1ba187d14a2,,DCI News
DCI,,,,,,https://dci.mo.gov/news/newsitem/uuid/b3322544-1587-49bc-9d68-298ab0995476,,DCI News
DCI,,,,,,https://dci.mo.gov/news/newsitem/uuid/0671fe05-8d4f-4a2a-861a-1d769c64f83f,,DCI News
DCI,,,,,,https://dci.mo.gov/news/newsitem/uuid/280650de-693b-498d-a240-e27e7c93cef5,,DCI News
DCI,,,,,,https://dci.mo.gov/news/newsitem/uuid/2158d6c5-109e-403a-8268-a9868cb96dc8,,DCI News
DCI,,,,,,https://dci.mo.gov/news/newsitem/uuid/42f07e8f-4ca5-4d76-a84b-5f793c29f42f,,DCI News
DCI,,,,,,https://dci.mo.gov/news/newsitem/uuid/d92f9a38-2d9c-46a0-ad13-bf4fe791200f,,DCI News
DCI,,,,,,https://dci.mo.gov/news/newsitem/uuid/d47103aa-9a90-41c4-bc86-dde748c608cb,,DCI News
DCI,,,,,,https://dci.mo.gov/news/newsitem/uuid/5c792ee4-089f-4edc-a0e3-fd989d003708,,DCI News
DCI,,,,,,https://dci.mo.gov/news/newsitem/uuid/9f9e52c2-b728-402f-bb7f-9127fa61e5e3,,DCI News
DCI,,,,,,https://dci.mo.gov/news/newsitem/uuid/4cfe0c80-6d72-4952-acc9-73502dd62fc3,,DCI News
DCI,,,,,,https://dci.mo.gov/news/newsitem/uuid/3d4f1429-c319-4121-90bb-cf6d6a8fe117,,DCI News
DCI,,,,,,https://dci.mo.gov/news/newsitem/uuid/2a7d7aa8-627c-46df-b6f1-e227365b0c4e,,DCI News
DCI,,,,,,https://dci.mo.gov/news/newsitem/uuid/fd31afb8-92a4-46ab-83ec-1cab79e49c87,,DCI News
DCI,,,,,,https://dci.mo.gov/news/newsitem/uuid/87690fcd-ef33-438a-bcfc-177c2b097098,,DCI News
DCI,,,,,,https://dci.mo.gov/news/newsitem/uuid/0821c3d9-f51d-4545-8762-fa250931788b,,DCI News
DCI,,,,,,https://dci.mo.gov/news/newsitem/uuid/0e758749-001e-4347-bd53-a4828ece3c87,,DCI News
DCI,,,,,,https://dci.mo.gov/news/newsitem/uuid/38ab9b48-00d3-4651-800d-23ff06c14a3e,,DCI News
DCI,,,,,,https://dci.mo.gov/news/newsitem/uuid/44b8ebfd-b0dc-4de5-9cdc-988694a91208,,DCI News
DCI,,,,,,https://dci.mo.gov/news/newsitem/uuid/b0912eed-2265-49fb-97e6-53cd8e4a73ca,,DCI News
DCI,,,,,,https://dci.mo.gov/news/newsitem/uuid/7e77a850-55ff-4ea4-9da5-247246aec033,,DCI News
DCI,,,,,,https://dci.mo.gov/news/newsitem/uuid/d763ecca-b90c-4744-b65d-78987bf48132,,DCI News
DCI,,,,,,https://dci.mo.gov/news/newsitem/uuid/1688fe57-09f8-441f-a60f-a88a88c95a7d,,DCI News
DCI,,,,,,https://dci.mo.gov/news/newsitem/uuid/ab7f4e31-1842-44d3-a48a-2ba9ec3b29a2,,DCI News
DCI,,,,,,https://dci.mo.gov/news/newsitem/uuid/9db6c398-a17e-49e3-badb-e93a1d193e8b,,DCI News
DCI,,,,,,https://dci.mo.gov/news/newsitem/uuid/4f050a11-296c-4cbf-925b-378162d82602,,DCI News
DCI,,,,,,https://dci.mo.gov/news/newsitem/uuid/8a502189-cf86-47ba-aaea-f766e179d9bb,,DCI News
DCI,,,,,,https://dci.mo.gov/news/newsitem/uuid/3419ea1e-ac1e-4cda-9076-5eae8cd3bf67,,DCI News
DCI,,,,,,https://dci.mo.gov/news/newsitem/uuid/0b00232e-126a-4f7b-9ab5-031053e3f6fa,,DCI News
DCI,,,,,,https://dci.mo.gov/news/newsitem/uuid/insurance.mo.gov,,DCI News
DCI,,,,,,https://dci.mo.gov/news/newsitem/uuid/www.mitigationleadership.com,,DCI News
DCI,,,,,,https://dci.mo.gov/news/newsitem/uuid/www.insurance.mo.gov,,DCI News
DCI,,,,,,https://dci.mo.gov/news/archive,,DCI News
DCI,,,,,,https://dci.mo.gov/speaker-request-form.php,,Speaker/Exhibitor Request Form
DCI,,,,,,https://dci.mo.gov/proposed-rules.php,,Proposed Rules
DCI,,,,,,https://dci.mo.gov/licensee/,,Department of Commerce and Insurance | DCI
DCI,,,,,,https://dci.mo.gov/,,